"STATION","NAME","DATE","PRCP","SNOW","SNWD","TAVG","TMAX","TMIN"
"USW00024233","SEATTLE TACOMA INTERNATIONAL AIRPORT, WA US","2004-01-01","0.27",,,"34","37","30"
"USW00024233","SEATTLE TACOMA INTERNATIONAL AIRPORT, WA US","2004-01-02","0.04",,,"34","36","32"
"USW00024233","SEATTLE TACOMA INTERNATIONAL AIRPORT, WA US","2004-01-03","0.02",,,"30","36","23"
"USW00024233","SEATTLE TACOMA INTERNATIONAL AIRPORT, WA US","2004-01-04","0.00",,,"24","27","20"
"USW00024233","SEATTLE TACOMA INTERNATIONAL AIRPORT, WA US","2004-01-05","0.00",,,"23","26","20"
"USW00024233","SEATTLE TACOMA INTERNATIONAL AIRPORT, WA US","2004-01-06","0.54",,,"27","31","22"
"USW00024233","SEATTLE TACOMA INTERNATIONAL AIRPORT, WA US","2004-01-07","0.65",,,"35","39","30"
"USW00024233","SEATTLE TACOMA INTERNATIONAL AIRPORT, WA US","2004-01-08","0.22",,,"42","47","37"
"USW00024233","SEATTLE TACOMA INTERNATIONAL AIRPORT, WA US","2004-01-09","0.15",,,"48","55","40"
"USW00024233","SEATTLE TACOMA INTERNATIONAL AIRPORT, WA US","2004-01-10","0.11",,,"44","50","38"
"USW00024233","SEATTLE TACOMA INTERNATIONAL AIRPORT, WA US","2004-01-11","0.00",,,"41","49","33"
"USW00024233","SEATTLE TACOMA INTERNATIONAL AIRPORT, WA US","2004-01-12","0.16",,,"42","48","35"
"USW00024233","SEATTLE TACOMA INTERNATIONAL AIRPORT, WA US","2004-01-13","0.02",,,"46","54","37"
"USW00024233","SEATTLE TACOMA INTERNATIONAL AIRPORT, WA US","2004-01-14","0.64",,,"49","52","46"
"USW00024233","SEATTLE TACOMA INTERNATIONAL AIRPORT, WA US","2004-01-15","0.06",,,"48","50","45"
"USW00024233","SEATTLE TACOMA INTERNATIONAL AIRPORT, WA US","2004-01-16","0.00",,,"45","48","41"
"USW00024233","SEATTLE TACOMA INTERNATIONAL AIRPORT, WA US","2004-01-17","0.00",,,"42","48","35"
"USW00024233","SEATTLE TACOMA INTERNATIONAL AIRPORT, WA US","2004-01-18","0.19",,,"45","47","43"
"USW00024233","SEATTLE TACOMA INTERNATIONAL AIRPORT, WA US","2004-01-19","0.00",,,"47","52","41"
"USW00024233","SEATTLE TACOMA INTERNATIONAL AIRPORT, WA US","2004-01-20","0.00",,,"41","45","36"
"USW00024233","SEATTLE TACOMA INTERNATIONAL AIRPORT, WA US","2004-01-21","0.00",,,"39","44","33"
"USW00024233","SEATTLE TACOMA INTERNATIONAL AIRPORT, WA US","2004-01-22","0.05",,,"40","47","32"
"USW00024233","SEATTLE TACOMA INTERNATIONAL AIRPORT, WA US","2004-01-23","0.65",,,"44","47","41"
"USW00024233","SEATTLE TACOMA INTERNATIONAL AIRPORT, WA US","2004-01-24","0.01",,,"39","44","34"
"USW00024233","SEATTLE TACOMA INTERNATIONAL AIRPORT, WA US","2004-01-25","0.00",,,"38","42","33"
"USW00024233","SEATTLE TACOMA INTERNATIONAL AIRPORT, WA US","2004-01-26","0.00",,,"43","45","40"
"USW00024233","SEATTLE TACOMA INTERNATIONAL AIRPORT, WA US","2004-01-27","0.00",,,"45","48","41"
"USW00024233","SEATTLE TACOMA INTERNATIONAL AIRPORT, WA US","2004-01-28","0.49",,,"41","49","44"
"USW00024233","SEATTLE TACOMA INTERNATIONAL AIRPORT, WA US","2004-01-29","1.63",,,"51","53","48"
"USW00024233","SEATTLE TACOMA INTERNATIONAL AIRPORT, WA US","2004-01-30","0.17",,,"45","51","39"
"USW00024233","SEATTLE TACOMA INTERNATIONAL AIRPORT, WA US","2004-01-31","0.29",,,"40","43","37"
"USW00024233","SEATTLE TACOMA INTERNATIONAL AIRPORT, WA US","2004-02-01","0.01",,,"41","44","37"
"USW00024233","SEATTLE TACOMA INTERNATIONAL AIRPORT, WA US","2004-02-02","0.21",,,"42","46","38"
"USW00024233","SEATTLE TACOMA INTERNATIONAL AIRPORT, WA US","2004-02-03","0.06",,,"44","49","39"
"USW00024233","SEATTLE TACOMA INTERNATIONAL AIRPORT, WA US","2004-02-04","0.06",,,"42","46","37"
"USW00024233","SEATTLE TACOMA INTERNATIONAL AIRPORT, WA US","2004-02-05","0.00",,,"39","46","31"
"USW00024233","SEATTLE TACOMA INTERNATIONAL AIRPORT, WA US","2004-02-06","0.24",,,"44","49","39"
"USW00024233","SEATTLE TACOMA INTERNATIONAL AIRPORT, WA US","2004-02-07","0.00",,,"43","46","40"
"USW00024233","SEATTLE TACOMA INTERNATIONAL AIRPORT, WA US","2004-02-08","0.00",,,"40","46","33"
"USW00024233","SEATTLE TACOMA INTERNATIONAL AIRPORT, WA US","2004-02-09","0.00",,,"38","44","31"
"USW00024233","SEATTLE TACOMA INTERNATIONAL AIRPORT, WA US","2004-02-10","0.00",,,"40","48","31"
"USW00024233","SEATTLE TACOMA INTERNATIONAL AIRPORT, WA US","2004-02-11","0.00",,,"48","61","34"
"USW00024233","SEATTLE TACOMA INTERNATIONAL AIRPORT, WA US","2004-02-12","0.00",,,"48","62","34"
"USW00024233","SEATTLE TACOMA INTERNATIONAL AIRPORT, WA US","2004-02-13","0.05",,,"46","58","33"
"USW00024233","SEATTLE TACOMA INTERNATIONAL AIRPORT, WA US","2004-02-14","0.34",,,"45","49","40"
"USW00024233","SEATTLE TACOMA INTERNATIONAL AIRPORT, WA US","2004-02-15","0.20",,,"47","51","43"
"USW00024233","SEATTLE TACOMA INTERNATIONAL AIRPORT, WA US","2004-02-16","0.50",,,"46","51","41"
"USW00024233","SEATTLE TACOMA INTERNATIONAL AIRPORT, WA US","2004-02-17","0.19",,,"46","52","40"
"USW00024233","SEATTLE TACOMA INTERNATIONAL AIRPORT, WA US","2004-02-18","0.03",,,"48","52","44"
"USW00024233","SEATTLE TACOMA INTERNATIONAL AIRPORT, WA US","2004-02-19","0.00",,,"44","50","38"
"USW00024233","SEATTLE TACOMA INTERNATIONAL AIRPORT, WA US","2004-02-20","0.00",,,"43","50","35"
"USW00024233","SEATTLE TACOMA INTERNATIONAL AIRPORT, WA US","2004-02-21","0.00",,,"45","56","34"
"USW00024233","SEATTLE TACOMA INTERNATIONAL AIRPORT, WA US","2004-02-22","0.00",,,"52","61","43"
"USW00024233","SEATTLE TACOMA INTERNATIONAL AIRPORT, WA US","2004-02-23","0.03",,,"47","50","44"
"USW00024233","SEATTLE TACOMA INTERNATIONAL AIRPORT, WA US","2004-02-24","0.07",,,"47","53","41"
"USW00024233","SEATTLE TACOMA INTERNATIONAL AIRPORT, WA US","2004-02-25","0.05",,,"45","52","38"
"USW00024233","SEATTLE TACOMA INTERNATIONAL AIRPORT, WA US","2004-02-26","0.21",,,"47","53","40"
"USW00024233","SEATTLE TACOMA INTERNATIONAL AIRPORT, WA US","2004-02-27","0.17",,,"47","51","43"
"USW00024233","SEATTLE TACOMA INTERNATIONAL AIRPORT, WA US","2004-02-28","0.02",,,"46","50","41"
"USW00024233","SEATTLE TACOMA INTERNATIONAL AIRPORT, WA US","2004-02-29","0.00",,,"46","51","40"
"USW00024233","SEATTLE TACOMA INTERNATIONAL AIRPORT, WA US","2004-03-01","0.00",,,"45","50","39"
"USW00024233","SEATTLE TACOMA INTERNATIONAL AIRPORT, WA US","2004-03-02","0.00",,,"42","51","32"
"USW00024233","SEATTLE TACOMA INTERNATIONAL AIRPORT, WA US","2004-03-03","0.19",,,"42","45","38"
"USW00024233","SEATTLE TACOMA INTERNATIONAL AIRPORT, WA US","2004-03-04","0.11",,,"45","49","40"
"USW00024233","SEATTLE TACOMA INTERNATIONAL AIRPORT, WA US","2004-03-05","0.13",,,"46","52","40"
"USW00024233","SEATTLE TACOMA INTERNATIONAL AIRPORT, WA US","2004-03-06","0.00",,,"44","49","39"
"USW00024233","SEATTLE TACOMA INTERNATIONAL AIRPORT, WA US","2004-03-07","0.25",,,"50","55","44"
"USW00024233","SEATTLE TACOMA INTERNATIONAL AIRPORT, WA US","2004-03-08","0.00",,,"55","65","44"
"USW00024233","SEATTLE TACOMA INTERNATIONAL AIRPORT, WA US","2004-03-09","0.10",,,"48","52","44"
"USW00024233","SEATTLE TACOMA INTERNATIONAL AIRPORT, WA US","2004-03-10","0.00",,,"47","56","37"
"USW00024233","SEATTLE TACOMA INTERNATIONAL AIRPORT, WA US","2004-03-11","0.00",,,"47","56","38"
"USW00024233","SEATTLE TACOMA INTERNATIONAL AIRPORT, WA US","2004-03-12","0.00",,,"44","49","39"
"USW00024233","SEATTLE TACOMA INTERNATIONAL AIRPORT, WA US","2004-03-13","0.00",,,"47","57","37"
"USW00024233","SEATTLE TACOMA INTERNATIONAL AIRPORT, WA US","2004-03-14","0.00",,,"50","56","43"
"USW00024233","SEATTLE TACOMA INTERNATIONAL AIRPORT, WA US","2004-03-15","0.00",,,"46","49","42"
"USW00024233","SEATTLE TACOMA INTERNATIONAL AIRPORT, WA US","2004-03-16","0.00",,,"47","52","41"
"USW00024233","SEATTLE TACOMA INTERNATIONAL AIRPORT, WA US","2004-03-17","0.04",,,"48","52","44"
"USW00024233","SEATTLE TACOMA INTERNATIONAL AIRPORT, WA US","2004-03-18","0.12",,,"43","51","35"
"USW00024233","SEATTLE TACOMA INTERNATIONAL AIRPORT, WA US","2004-03-19","0.03",,,"43","49","37"
"USW00024233","SEATTLE TACOMA INTERNATIONAL AIRPORT, WA US","2004-03-20","0.00",,,"49","60","37"
"USW00024233","SEATTLE TACOMA INTERNATIONAL AIRPORT, WA US","2004-03-21","0.00",,,"54","66","41"
"USW00024233","SEATTLE TACOMA INTERNATIONAL AIRPORT, WA US","2004-03-22","0.03",,,"57","63","50"
"USW00024233","SEATTLE TACOMA INTERNATIONAL AIRPORT, WA US","2004-03-23","0.02",,,"49","56","42"
"USW00024233","SEATTLE TACOMA INTERNATIONAL AIRPORT, WA US","2004-03-24","0.43",,,"47","52","41"
"USW00024233","SEATTLE TACOMA INTERNATIONAL AIRPORT, WA US","2004-03-25","0.46",,,"47","51","42"
"USW00024233","SEATTLE TACOMA INTERNATIONAL AIRPORT, WA US","2004-03-26","0.14",,,"47","52","41"
"USW00024233","SEATTLE TACOMA INTERNATIONAL AIRPORT, WA US","2004-03-27","0.02",,,"49","54","43"
"USW00024233","SEATTLE TACOMA INTERNATIONAL AIRPORT, WA US","2004-03-28","0.00",,,"51","62","39"
"USW00024233","SEATTLE TACOMA INTERNATIONAL AIRPORT, WA US","2004-03-29","0.00",,,"64","78","50"
"USW00024233","SEATTLE TACOMA INTERNATIONAL AIRPORT, WA US","2004-03-30","0.07",,,"47","54","40"
"USW00024233","SEATTLE TACOMA INTERNATIONAL AIRPORT, WA US","2004-03-31","0.00",,,"45","51","38"
"USW00024233","SEATTLE TACOMA INTERNATIONAL AIRPORT, WA US","2004-04-01","0.00",,,"46","53","39"
"USW00024233","SEATTLE TACOMA INTERNATIONAL AIRPORT, WA US","2004-04-02","0.00",,,"50","63","37"
"USW00024233","SEATTLE TACOMA INTERNATIONAL AIRPORT, WA US","2004-04-03","0.00",,,"56","71","41"
"USW00024233","SEATTLE TACOMA INTERNATIONAL AIRPORT, WA US","2004-04-04","0.00",,,"50","56","43"
"USW00024233","SEATTLE TACOMA INTERNATIONAL AIRPORT, WA US","2004-04-05","0.00",,,"51","60","41"
"USW00024233","SEATTLE TACOMA INTERNATIONAL AIRPORT, WA US","2004-04-06","0.00",,,"50","58","42"
"USW00024233","SEATTLE TACOMA INTERNATIONAL AIRPORT, WA US","2004-04-07","0.00",,,"52","58","46"
"USW00024233","SEATTLE TACOMA INTERNATIONAL AIRPORT, WA US","2004-04-08","0.00",,,"53","62","43"
"USW00024233","SEATTLE TACOMA INTERNATIONAL AIRPORT, WA US","2004-04-09","0.00",,,"55","68","42"
"USW00024233","SEATTLE TACOMA INTERNATIONAL AIRPORT, WA US","2004-04-10","0.00",,,"60","74","45"
"USW00024233","SEATTLE TACOMA INTERNATIONAL AIRPORT, WA US","2004-04-11","0.00",,,"63","80","45"
"USW00024233","SEATTLE TACOMA INTERNATIONAL AIRPORT, WA US","2004-04-12","0.00",,,"55","61","48"
"USW00024233","SEATTLE TACOMA INTERNATIONAL AIRPORT, WA US","2004-04-13","0.04",,,"54","62","46"
"USW00024233","SEATTLE TACOMA INTERNATIONAL AIRPORT, WA US","2004-04-14","0.12",,,"49","53","44"
"USW00024233","SEATTLE TACOMA INTERNATIONAL AIRPORT, WA US","2004-04-15","0.01",,,"49","55","42"
"USW00024233","SEATTLE TACOMA INTERNATIONAL AIRPORT, WA US","2004-04-16","0.05",,,"50","54","45"
"USW00024233","SEATTLE TACOMA INTERNATIONAL AIRPORT, WA US","2004-04-17","0.01",,,"52","58","45"
"USW00024233","SEATTLE TACOMA INTERNATIONAL AIRPORT, WA US","2004-04-18","0.04",,,"51","56","45"
"USW00024233","SEATTLE TACOMA INTERNATIONAL AIRPORT, WA US","2004-04-19","0.18",,,"50","58","42"
"USW00024233","SEATTLE TACOMA INTERNATIONAL AIRPORT, WA US","2004-04-20","0.01",,,"50","56","44"
"USW00024233","SEATTLE TACOMA INTERNATIONAL AIRPORT, WA US","2004-04-21","0.00",,,"52","60","44"
"USW00024233","SEATTLE TACOMA INTERNATIONAL AIRPORT, WA US","2004-04-22","0.00",,,"54","66","42"
"USW00024233","SEATTLE TACOMA INTERNATIONAL AIRPORT, WA US","2004-04-23","0.08",,,"53","57","48"
"USW00024233","SEATTLE TACOMA INTERNATIONAL AIRPORT, WA US","2004-04-24","0.00",,,"51","60","42"
"USW00024233","SEATTLE TACOMA INTERNATIONAL AIRPORT, WA US","2004-04-25","0.00",,,"57","70","44"
"USW00024233","SEATTLE TACOMA INTERNATIONAL AIRPORT, WA US","2004-04-26","0.00",,,"63","77","48"
"USW00024233","SEATTLE TACOMA INTERNATIONAL AIRPORT, WA US","2004-04-27","0.11",,,"53","62","43"
"USW00024233","SEATTLE TACOMA INTERNATIONAL AIRPORT, WA US","2004-04-28","0.00",,,"54","67","40"
"USW00024233","SEATTLE TACOMA INTERNATIONAL AIRPORT, WA US","2004-04-29","0.00",,,"59","74","44"
"USW00024233","SEATTLE TACOMA INTERNATIONAL AIRPORT, WA US","2004-04-30","0.00",,,"64","79","49"
"USW00024233","SEATTLE TACOMA INTERNATIONAL AIRPORT, WA US","2004-05-01","0.00",,,"65","76","54"
"USW00024233","SEATTLE TACOMA INTERNATIONAL AIRPORT, WA US","2004-05-02","0.00",,,"61","68","53"
"USW00024233","SEATTLE TACOMA INTERNATIONAL AIRPORT, WA US","2004-05-03","0.00",,,"60","70","50"
"USW00024233","SEATTLE TACOMA INTERNATIONAL AIRPORT, WA US","2004-05-04","0.00",,,"56","65","47"
"USW00024233","SEATTLE TACOMA INTERNATIONAL AIRPORT, WA US","2004-05-05","0.00",,,"53","62","44"
"USW00024233","SEATTLE TACOMA INTERNATIONAL AIRPORT, WA US","2004-05-06","0.00",,,"56","66","45"
"USW00024233","SEATTLE TACOMA INTERNATIONAL AIRPORT, WA US","2004-05-07","0.19",,,"56","61","50"
"USW00024233","SEATTLE TACOMA INTERNATIONAL AIRPORT, WA US","2004-05-08","0.15",,,"55","63","47"
"USW00024233","SEATTLE TACOMA INTERNATIONAL AIRPORT, WA US","2004-05-09","0.00",,,"55","65","45"
"USW00024233","SEATTLE TACOMA INTERNATIONAL AIRPORT, WA US","2004-05-10","0.09",,,"50","54","45"
"USW00024233","SEATTLE TACOMA INTERNATIONAL AIRPORT, WA US","2004-05-11","0.08",,,"53","60","46"
"USW00024233","SEATTLE TACOMA INTERNATIONAL AIRPORT, WA US","2004-05-12","0.00",,,"56","63","49"
"USW00024233","SEATTLE TACOMA INTERNATIONAL AIRPORT, WA US","2004-05-13","0.00",,,"57","68","46"
"USW00024233","SEATTLE TACOMA INTERNATIONAL AIRPORT, WA US","2004-05-14","0.00",,,"58","69","46"
"USW00024233","SEATTLE TACOMA INTERNATIONAL AIRPORT, WA US","2004-05-15","0.00",,,"54","58","49"
"USW00024233","SEATTLE TACOMA INTERNATIONAL AIRPORT, WA US","2004-05-16","0.00",,,"57","64","50"
"USW00024233","SEATTLE TACOMA INTERNATIONAL AIRPORT, WA US","2004-05-17","0.00",,,"61","71","51"
"USW00024233","SEATTLE TACOMA INTERNATIONAL AIRPORT, WA US","2004-05-18","0.00",,,"62","73","51"
"USW00024233","SEATTLE TACOMA INTERNATIONAL AIRPORT, WA US","2004-05-19","0.00",,,"57","62","52"
"USW00024233","SEATTLE TACOMA INTERNATIONAL AIRPORT, WA US","2004-05-20","0.00",,,"60","67","52"
"USW00024233","SEATTLE TACOMA INTERNATIONAL AIRPORT, WA US","2004-05-21","0.00",,,"57","62","51"
"USW00024233","SEATTLE TACOMA INTERNATIONAL AIRPORT, WA US","2004-05-22","0.05",,,"55","59","50"
"USW00024233","SEATTLE TACOMA INTERNATIONAL AIRPORT, WA US","2004-05-23","0.00",,,"59","69","49"
"USW00024233","SEATTLE TACOMA INTERNATIONAL AIRPORT, WA US","2004-05-24","0.00",,,"62","74","49"
"USW00024233","SEATTLE TACOMA INTERNATIONAL AIRPORT, WA US","2004-05-25","0.13",,,"62","73","50"
"USW00024233","SEATTLE TACOMA INTERNATIONAL AIRPORT, WA US","2004-05-26","0.50",,,"59","63","54"
"USW00024233","SEATTLE TACOMA INTERNATIONAL AIRPORT, WA US","2004-05-27","0.61",,,"55","60","50"
"USW00024233","SEATTLE TACOMA INTERNATIONAL AIRPORT, WA US","2004-05-28","0.71",,,"54","59","48"
"USW00024233","SEATTLE TACOMA INTERNATIONAL AIRPORT, WA US","2004-05-29","0.00",,,"54","60","48"
"USW00024233","SEATTLE TACOMA INTERNATIONAL AIRPORT, WA US","2004-05-30","0.00",,,"58","64","52"
"USW00024233","SEATTLE TACOMA INTERNATIONAL AIRPORT, WA US","2004-05-31","0.00",,,"55","61","49"
"USW00024233","SEATTLE TACOMA INTERNATIONAL AIRPORT, WA US","2004-06-01","0.00",,,"58","68","47"
"USW00024233","SEATTLE TACOMA INTERNATIONAL AIRPORT, WA US","2004-06-02","0.00",,,"60","69","51"
"USW00024233","SEATTLE TACOMA INTERNATIONAL AIRPORT, WA US","2004-06-03","0.00",,,"66","77","55"
"USW00024233","SEATTLE TACOMA INTERNATIONAL AIRPORT, WA US","2004-06-04","0.00",,,"66","79","53"
"USW00024233","SEATTLE TACOMA INTERNATIONAL AIRPORT, WA US","2004-06-05","0.04",,,"59","66","52"
"USW00024233","SEATTLE TACOMA INTERNATIONAL AIRPORT, WA US","2004-06-06","0.10",,,"58","64","52"
"USW00024233","SEATTLE TACOMA INTERNATIONAL AIRPORT, WA US","2004-06-07","0.06",,,"56","62","49"
"USW00024233","SEATTLE TACOMA INTERNATIONAL AIRPORT, WA US","2004-06-08","0.16",,,"62","74","50"
"USW00024233","SEATTLE TACOMA INTERNATIONAL AIRPORT, WA US","2004-06-09","0.08",,,"61","66","55"
"USW00024233","SEATTLE TACOMA INTERNATIONAL AIRPORT, WA US","2004-06-10","0.00",,,"57","62","51"
"USW00024233","SEATTLE TACOMA INTERNATIONAL AIRPORT, WA US","2004-06-11","0.02",,,"55","61","49"
"USW00024233","SEATTLE TACOMA INTERNATIONAL AIRPORT, WA US","2004-06-12","0.16",,,"54","62","46"
"USW00024233","SEATTLE TACOMA INTERNATIONAL AIRPORT, WA US","2004-06-13","0.06",,,"58","64","52"
"USW00024233","SEATTLE TACOMA INTERNATIONAL AIRPORT, WA US","2004-06-14","0.03",,,"57","64","49"
"USW00024233","SEATTLE TACOMA INTERNATIONAL AIRPORT, WA US","2004-06-15","0.00",,,"59","69","49"
"USW00024233","SEATTLE TACOMA INTERNATIONAL AIRPORT, WA US","2004-06-16","0.00",,,"65","78","52"
"USW00024233","SEATTLE TACOMA INTERNATIONAL AIRPORT, WA US","2004-06-17","0.00",,,"72","85","59"
"USW00024233","SEATTLE TACOMA INTERNATIONAL AIRPORT, WA US","2004-06-18","0.00",,,"76","86","65"
"USW00024233","SEATTLE TACOMA INTERNATIONAL AIRPORT, WA US","2004-06-19","0.00",,,"72","86","58"
"USW00024233","SEATTLE TACOMA INTERNATIONAL AIRPORT, WA US","2004-06-20","0.00",,,"73","88","58"
"USW00024233","SEATTLE TACOMA INTERNATIONAL AIRPORT, WA US","2004-06-21","0.00",,,"74","88","59"
"USW00024233","SEATTLE TACOMA INTERNATIONAL AIRPORT, WA US","2004-06-22","0.00",,,"65","74","56"
"USW00024233","SEATTLE TACOMA INTERNATIONAL AIRPORT, WA US","2004-06-23","0.00",,,"62","67","57"
"USW00024233","SEATTLE TACOMA INTERNATIONAL AIRPORT, WA US","2004-06-24","0.00",,,"62","66","57"
"USW00024233","SEATTLE TACOMA INTERNATIONAL AIRPORT, WA US","2004-06-25","0.00",,,"65","73","57"
"USW00024233","SEATTLE TACOMA INTERNATIONAL AIRPORT, WA US","2004-06-26","0.00",,,"66","76","55"
"USW00024233","SEATTLE TACOMA INTERNATIONAL AIRPORT, WA US","2004-06-27","0.00",,,"66","76","55"
"USW00024233","SEATTLE TACOMA INTERNATIONAL AIRPORT, WA US","2004-06-28","0.00",,,"69","79","58"
"USW00024233","SEATTLE TACOMA INTERNATIONAL AIRPORT, WA US","2004-06-29","0.00",,,"67","80","54"
"USW00024233","SEATTLE TACOMA INTERNATIONAL AIRPORT, WA US","2004-06-30","0.00",,,"66","78","53"
"USW00024233","SEATTLE TACOMA INTERNATIONAL AIRPORT, WA US","2004-07-01","0.00",,,"63","72","54"
"USW00024233","SEATTLE TACOMA INTERNATIONAL AIRPORT, WA US","2004-07-02","0.00",,,"61","68","54"
"USW00024233","SEATTLE TACOMA INTERNATIONAL AIRPORT, WA US","2004-07-03","0.00",,,"64","70","57"
"USW00024233","SEATTLE TACOMA INTERNATIONAL AIRPORT, WA US","2004-07-04","0.00",,,"64","71","57"
"USW00024233","SEATTLE TACOMA INTERNATIONAL AIRPORT, WA US","2004-07-05","0.00",,,"68","79","56"
"USW00024233","SEATTLE TACOMA INTERNATIONAL AIRPORT, WA US","2004-07-06","0.01",,,"63","70","56"
"USW00024233","SEATTLE TACOMA INTERNATIONAL AIRPORT, WA US","2004-07-07","0.01",,,"61","69","52"
"USW00024233","SEATTLE TACOMA INTERNATIONAL AIRPORT, WA US","2004-07-08","0.00",,,"63","70","55"
"USW00024233","SEATTLE TACOMA INTERNATIONAL AIRPORT, WA US","2004-07-09","0.02",,,"62","69","55"
"USW00024233","SEATTLE TACOMA INTERNATIONAL AIRPORT, WA US","2004-07-10","0.12",,,"63","70","55"
"USW00024233","SEATTLE TACOMA INTERNATIONAL AIRPORT, WA US","2004-07-11","0.00",,,"63","73","53"
"USW00024233","SEATTLE TACOMA INTERNATIONAL AIRPORT, WA US","2004-07-12","0.00",,,"69","81","56"
"USW00024233","SEATTLE TACOMA INTERNATIONAL AIRPORT, WA US","2004-07-13","0.00",,,"71","81","60"
"USW00024233","SEATTLE TACOMA INTERNATIONAL AIRPORT, WA US","2004-07-14","0.00",,,"69","81","57"
"USW00024233","SEATTLE TACOMA INTERNATIONAL AIRPORT, WA US","2004-07-15","0.00",,,"66","74","57"
"USW00024233","SEATTLE TACOMA INTERNATIONAL AIRPORT, WA US","2004-07-16","0.00",,,"70","82","57"
"USW00024233","SEATTLE TACOMA INTERNATIONAL AIRPORT, WA US","2004-07-17","0.00",,,"73","83","62"
"USW00024233","SEATTLE TACOMA INTERNATIONAL AIRPORT, WA US","2004-07-18","0.00",,,"73","85","60"
"USW00024233","SEATTLE TACOMA INTERNATIONAL AIRPORT, WA US","2004-07-19","0.00",,,"70","77","63"
"USW00024233","SEATTLE TACOMA INTERNATIONAL AIRPORT, WA US","2004-07-20","0.00",,,"70","78","61"
"USW00024233","SEATTLE TACOMA INTERNATIONAL AIRPORT, WA US","2004-07-21","0.00",,,"70","79","60"
"USW00024233","SEATTLE TACOMA INTERNATIONAL AIRPORT, WA US","2004-07-22","0.00",,,"76","89","62"
"USW00024233","SEATTLE TACOMA INTERNATIONAL AIRPORT, WA US","2004-07-23","0.00",,,"82","96","68"
"USW00024233","SEATTLE TACOMA INTERNATIONAL AIRPORT, WA US","2004-07-24","0.00",,,"80","95","64"
"USW00024233","SEATTLE TACOMA INTERNATIONAL AIRPORT, WA US","2004-07-25","0.00",,,"61","75","60"
"USW00024233","SEATTLE TACOMA INTERNATIONAL AIRPORT, WA US","2004-07-26","0.00",,,"68","81","55"
"USW00024233","SEATTLE TACOMA INTERNATIONAL AIRPORT, WA US","2004-07-27","0.00",,,"72","84","59"
"USW00024233","SEATTLE TACOMA INTERNATIONAL AIRPORT, WA US","2004-07-28","0.00",,,"72","85","59"
"USW00024233","SEATTLE TACOMA INTERNATIONAL AIRPORT, WA US","2004-07-29","0.00",,,"73","85","60"
"USW00024233","SEATTLE TACOMA INTERNATIONAL AIRPORT, WA US","2004-07-30","0.00",,,"65","72","58"
"USW00024233","SEATTLE TACOMA INTERNATIONAL AIRPORT, WA US","2004-07-31","0.00",,,"69","82","56"
"USW00024233","SEATTLE TACOMA INTERNATIONAL AIRPORT, WA US","2004-08-01","0.00",,,"69","83","55"
"USW00024233","SEATTLE TACOMA INTERNATIONAL AIRPORT, WA US","2004-08-02","0.00",,,"63","72","54"
"USW00024233","SEATTLE TACOMA INTERNATIONAL AIRPORT, WA US","2004-08-03","0.01",,,"67","75","58"
"USW00024233","SEATTLE TACOMA INTERNATIONAL AIRPORT, WA US","2004-08-04","0.00",,,"62","67","57"
"USW00024233","SEATTLE TACOMA INTERNATIONAL AIRPORT, WA US","2004-08-05","0.00",,,"66","74","57"
"USW00024233","SEATTLE TACOMA INTERNATIONAL AIRPORT, WA US","2004-08-06","0.57",,,"62","66","57"
"USW00024233","SEATTLE TACOMA INTERNATIONAL AIRPORT, WA US","2004-08-07","0.30",,,"66","73","58"
"USW00024233","SEATTLE TACOMA INTERNATIONAL AIRPORT, WA US","2004-08-08","0.00",,,"69","80","57"
"USW00024233","SEATTLE TACOMA INTERNATIONAL AIRPORT, WA US","2004-08-09","0.00",,,"78","92","64"
"USW00024233","SEATTLE TACOMA INTERNATIONAL AIRPORT, WA US","2004-08-10","0.00",,,"72","84","59"
"USW00024233","SEATTLE TACOMA INTERNATIONAL AIRPORT, WA US","2004-08-11","0.00",,,"72","85","58"
"USW00024233","SEATTLE TACOMA INTERNATIONAL AIRPORT, WA US","2004-08-12","0.00",,,"72","84","59"
"USW00024233","SEATTLE TACOMA INTERNATIONAL AIRPORT, WA US","2004-08-13","0.00",,,"70","84","56"
"USW00024233","SEATTLE TACOMA INTERNATIONAL AIRPORT, WA US","2004-08-14","0.00",,,"70","80","60"
"USW00024233","SEATTLE TACOMA INTERNATIONAL AIRPORT, WA US","2004-08-15","0.00",,,"70","80","59"
"USW00024233","SEATTLE TACOMA INTERNATIONAL AIRPORT, WA US","2004-08-16","0.00",,,"67","75","58"
"USW00024233","SEATTLE TACOMA INTERNATIONAL AIRPORT, WA US","2004-08-17","0.00",,,"70","81","58"
"USW00024233","SEATTLE TACOMA INTERNATIONAL AIRPORT, WA US","2004-08-18","0.00",,,"69","80","57"
"USW00024233","SEATTLE TACOMA INTERNATIONAL AIRPORT, WA US","2004-08-19","0.00",,,"71","83","59"
"USW00024233","SEATTLE TACOMA INTERNATIONAL AIRPORT, WA US","2004-08-20","0.00",,,"69","79","59"
"USW00024233","SEATTLE TACOMA INTERNATIONAL AIRPORT, WA US","2004-08-21","0.20",,,"66","72","60"
"USW00024233","SEATTLE TACOMA INTERNATIONAL AIRPORT, WA US","2004-08-22","0.54",,,"61","64","58"
"USW00024233","SEATTLE TACOMA INTERNATIONAL AIRPORT, WA US","2004-08-23","0.00",,,"65","71","58"
"USW00024233","SEATTLE TACOMA INTERNATIONAL AIRPORT, WA US","2004-08-24","1.00",,,"62","66","58"
"USW00024233","SEATTLE TACOMA INTERNATIONAL AIRPORT, WA US","2004-08-25","0.32",,,"62","66","58"
"USW00024233","SEATTLE TACOMA INTERNATIONAL AIRPORT, WA US","2004-08-26","0.06",,,"64","70","58"
"USW00024233","SEATTLE TACOMA INTERNATIONAL AIRPORT, WA US","2004-08-27","0.00",,,"66","72","59"
"USW00024233","SEATTLE TACOMA INTERNATIONAL AIRPORT, WA US","2004-08-28","0.00",,,"65","72","58"
"USW00024233","SEATTLE TACOMA INTERNATIONAL AIRPORT, WA US","2004-08-29","0.00",,,"67","74","60"
"USW00024233","SEATTLE TACOMA INTERNATIONAL AIRPORT, WA US","2004-08-30","0.00",,,"69","77","60"
"USW00024233","SEATTLE TACOMA INTERNATIONAL AIRPORT, WA US","2004-08-31","0.00",,,"66","76","56"
"USW00024233","SEATTLE TACOMA INTERNATIONAL AIRPORT, WA US","2004-09-01","0.17",,,"62","67","56"
"USW00024233","SEATTLE TACOMA INTERNATIONAL AIRPORT, WA US","2004-09-02","0.00",,,"60","67","53"
"USW00024233","SEATTLE TACOMA INTERNATIONAL AIRPORT, WA US","2004-09-03","0.00",,,"62","69","54"
"USW00024233","SEATTLE TACOMA INTERNATIONAL AIRPORT, WA US","2004-09-04","0.00",,,"61","67","54"
"USW00024233","SEATTLE TACOMA INTERNATIONAL AIRPORT, WA US","2004-09-05","0.00",,,"63","69","57"
"USW00024233","SEATTLE TACOMA INTERNATIONAL AIRPORT, WA US","2004-09-06","0.00",,,"60","67","53"
"USW00024233","SEATTLE TACOMA INTERNATIONAL AIRPORT, WA US","2004-09-07","0.00",,,"63","73","53"
"USW00024233","SEATTLE TACOMA INTERNATIONAL AIRPORT, WA US","2004-09-08","0.14",,,"62","71","52"
"USW00024233","SEATTLE TACOMA INTERNATIONAL AIRPORT, WA US","2004-09-09","0.00",,,"64","70","57"
"USW00024233","SEATTLE TACOMA INTERNATIONAL AIRPORT, WA US","2004-09-10","0.64",,,"62","71","52"
"USW00024233","SEATTLE TACOMA INTERNATIONAL AIRPORT, WA US","2004-09-11","0.12",,,"63","68","58"
"USW00024233","SEATTLE TACOMA INTERNATIONAL AIRPORT, WA US","2004-09-12","0.60",,,"60","66","53"
"USW00024233","SEATTLE TACOMA INTERNATIONAL AIRPORT, WA US","2004-09-13","0.28",,,"59","65","53"
"USW00024233","SEATTLE TACOMA INTERNATIONAL AIRPORT, WA US","2004-09-14","0.06",,,"59","65","53"
"USW00024233","SEATTLE TACOMA INTERNATIONAL AIRPORT, WA US","2004-09-15","0.03",,,"58","62","53"
"USW00024233","SEATTLE TACOMA INTERNATIONAL AIRPORT, WA US","2004-09-16","0.31",,,"58","62","54"
"USW00024233","SEATTLE TACOMA INTERNATIONAL AIRPORT, WA US","2004-09-17","0.20",,,"56","62","49"
"USW00024233","SEATTLE TACOMA INTERNATIONAL AIRPORT, WA US","2004-09-18","0.10",,,"53","56","49"
"USW00024233","SEATTLE TACOMA INTERNATIONAL AIRPORT, WA US","2004-09-19","0.00",,,"55","61","49"
"USW00024233","SEATTLE TACOMA INTERNATIONAL AIRPORT, WA US","2004-09-20","0.00",,,"55","63","47"
"USW00024233","SEATTLE TACOMA INTERNATIONAL AIRPORT, WA US","2004-09-21","0.00",,,"56","64","47"
"USW00024233","SEATTLE TACOMA INTERNATIONAL AIRPORT, WA US","2004-09-22","0.15",,,"55","57","52"
"USW00024233","SEATTLE TACOMA INTERNATIONAL AIRPORT, WA US","2004-09-23","0.00",,,"59","65","52"
"USW00024233","SEATTLE TACOMA INTERNATIONAL AIRPORT, WA US","2004-09-24","0.00",,,"58","65","51"
"USW00024233","SEATTLE TACOMA INTERNATIONAL AIRPORT, WA US","2004-09-25","0.00",,,"60","67","52"
"USW00024233","SEATTLE TACOMA INTERNATIONAL AIRPORT, WA US","2004-09-26","0.00",,,"57","63","50"
"USW00024233","SEATTLE TACOMA INTERNATIONAL AIRPORT, WA US","2004-09-27","0.00",,,"60","68","52"
"USW00024233","SEATTLE TACOMA INTERNATIONAL AIRPORT, WA US","2004-09-28","0.00",,,"60","66","53"
"USW00024233","SEATTLE TACOMA INTERNATIONAL AIRPORT, WA US","2004-09-29","0.00",,,"57","62","52"
"USW00024233","SEATTLE TACOMA INTERNATIONAL AIRPORT, WA US","2004-09-30","0.00",,,"56","62","50"
"USW00024233","SEATTLE TACOMA INTERNATIONAL AIRPORT, WA US","2004-10-01","0.00",,,"61","71","50"
"USW00024233","SEATTLE TACOMA INTERNATIONAL AIRPORT, WA US","2004-10-02","0.00",,,"60","72","48"
"USW00024233","SEATTLE TACOMA INTERNATIONAL AIRPORT, WA US","2004-10-03","0.00",,,"59","68","49"
"USW00024233","SEATTLE TACOMA INTERNATIONAL AIRPORT, WA US","2004-10-04","0.00",,,"53","59","46"
"USW00024233","SEATTLE TACOMA INTERNATIONAL AIRPORT, WA US","2004-10-05","0.21",,,"57","68","45"
"USW00024233","SEATTLE TACOMA INTERNATIONAL AIRPORT, WA US","2004-10-06","0.03",,,"59","63","54"
"USW00024233","SEATTLE TACOMA INTERNATIONAL AIRPORT, WA US","2004-10-07","0.00",,,"58","65","50"
"USW00024233","SEATTLE TACOMA INTERNATIONAL AIRPORT, WA US","2004-10-08","1.07",,,"56","59","53"
"USW00024233","SEATTLE TACOMA INTERNATIONAL AIRPORT, WA US","2004-10-09","0.08",,,"55","59","50"
"USW00024233","SEATTLE TACOMA INTERNATIONAL AIRPORT, WA US","2004-10-10","0.00",,,"55","61","48"
"USW00024233","SEATTLE TACOMA INTERNATIONAL AIRPORT, WA US","2004-10-11","0.00",,,"57","63","50"
"USW00024233","SEATTLE TACOMA INTERNATIONAL AIRPORT, WA US","2004-10-12","0.00",,,"60","67","53"
"USW00024233","SEATTLE TACOMA INTERNATIONAL AIRPORT, WA US","2004-10-13","0.00",,,"61","69","52"
"USW00024233","SEATTLE TACOMA INTERNATIONAL AIRPORT, WA US","2004-10-14","0.00",,,"60","68","52"
"USW00024233","SEATTLE TACOMA INTERNATIONAL AIRPORT, WA US","2004-10-15","0.01",,,"58","60","55"
"USW00024233","SEATTLE TACOMA INTERNATIONAL AIRPORT, WA US","2004-10-16","0.41",,,"54","57","50"
"USW00024233","SEATTLE TACOMA INTERNATIONAL AIRPORT, WA US","2004-10-17","0.60",,,"52","57","47"
"USW00024233","SEATTLE TACOMA INTERNATIONAL AIRPORT, WA US","2004-10-18","0.09",,,"50","53","47"
"USW00024233","SEATTLE TACOMA INTERNATIONAL AIRPORT, WA US","2004-10-19","0.20",,,"54","59","49"
"USW00024233","SEATTLE TACOMA INTERNATIONAL AIRPORT, WA US","2004-10-20","0.00",,,"51","55","46"
"USW00024233","SEATTLE TACOMA INTERNATIONAL AIRPORT, WA US","2004-10-21","0.00",,,"50","52","47"
"USW00024233","SEATTLE TACOMA INTERNATIONAL AIRPORT, WA US","2004-10-22","0.02",,,"50","54","46"
"USW00024233","SEATTLE TACOMA INTERNATIONAL AIRPORT, WA US","2004-10-23","0.00",,,"47","53","41"
"USW00024233","SEATTLE TACOMA INTERNATIONAL AIRPORT, WA US","2004-10-24","0.00",,,"48","53","42"
"USW00024233","SEATTLE TACOMA INTERNATIONAL AIRPORT, WA US","2004-10-25","0.00",,,"49","56","42"
"USW00024233","SEATTLE TACOMA INTERNATIONAL AIRPORT, WA US","2004-10-26","0.00",,,"51","56","46"
"USW00024233","SEATTLE TACOMA INTERNATIONAL AIRPORT, WA US","2004-10-27","0.00",,,"49","56","41"
"USW00024233","SEATTLE TACOMA INTERNATIONAL AIRPORT, WA US","2004-10-28","0.00",,,"43","48","38"
"USW00024233","SEATTLE TACOMA INTERNATIONAL AIRPORT, WA US","2004-10-29","0.06",,,"49","53","45"
"USW00024233","SEATTLE TACOMA INTERNATIONAL AIRPORT, WA US","2004-10-30","0.02",,,"50","54","46"
"USW00024233","SEATTLE TACOMA INTERNATIONAL AIRPORT, WA US","2004-10-31","0.00",,,"44","51","37"
"USW00024233","SEATTLE TACOMA INTERNATIONAL AIRPORT, WA US","2004-11-01","0.27",,,"50","57","42"
"USW00024233","SEATTLE TACOMA INTERNATIONAL AIRPORT, WA US","2004-11-02","0.89",,,"50","57","43"
"USW00024233","SEATTLE TACOMA INTERNATIONAL AIRPORT, WA US","2004-11-03","0.00",,,"43","50","36"
"USW00024233","SEATTLE TACOMA INTERNATIONAL AIRPORT, WA US","2004-11-04","0.00",,,"41","50","32"
"USW00024233","SEATTLE TACOMA INTERNATIONAL AIRPORT, WA US","2004-11-05","0.00",,,"39","44","33"
"USW00024233","SEATTLE TACOMA INTERNATIONAL AIRPORT, WA US","2004-11-06","0.00",,,"46","54","38"
"USW00024233","SEATTLE TACOMA INTERNATIONAL AIRPORT, WA US","2004-11-07","0.00",,,"52","60","44"
"USW00024233","SEATTLE TACOMA INTERNATIONAL AIRPORT, WA US","2004-11-08","0.00",,,"46","48","43"
"USW00024233","SEATTLE TACOMA INTERNATIONAL AIRPORT, WA US","2004-11-09","0.00",,,"49","53","45"
"USW00024233","SEATTLE TACOMA INTERNATIONAL AIRPORT, WA US","2004-11-10","0.00",,,"47","50","43"
"USW00024233","SEATTLE TACOMA INTERNATIONAL AIRPORT, WA US","2004-11-11","0.00",,,"44","50","38"
"USW00024233","SEATTLE TACOMA INTERNATIONAL AIRPORT, WA US","2004-11-12","0.00",,,"45","50","39"
"USW00024233","SEATTLE TACOMA INTERNATIONAL AIRPORT, WA US","2004-11-13","0.00",,,"50","54","46"
"USW00024233","SEATTLE TACOMA INTERNATIONAL AIRPORT, WA US","2004-11-14","0.04",,,"50","53","47"
"USW00024233","SEATTLE TACOMA INTERNATIONAL AIRPORT, WA US","2004-11-15","0.16",,,"50","55","45"
"USW00024233","SEATTLE TACOMA INTERNATIONAL AIRPORT, WA US","2004-11-16","0.08",,,"48","53","43"
"USW00024233","SEATTLE TACOMA INTERNATIONAL AIRPORT, WA US","2004-11-17","0.26",,,"43","49","37"
"USW00024233","SEATTLE TACOMA INTERNATIONAL AIRPORT, WA US","2004-11-18","0.14",,,"46","50","42"
"USW00024233","SEATTLE TACOMA INTERNATIONAL AIRPORT, WA US","2004-11-19","0.00",,,"43","49","36"
"USW00024233","SEATTLE TACOMA INTERNATIONAL AIRPORT, WA US","2004-11-20","0.00",,,"39","46","32"
"USW00024233","SEATTLE TACOMA INTERNATIONAL AIRPORT, WA US","2004-11-21","0.00",,,"43","47","38"
"USW00024233","SEATTLE TACOMA INTERNATIONAL AIRPORT, WA US","2004-11-22","0.02",,,"45","48","42"
"USW00024233","SEATTLE TACOMA INTERNATIONAL AIRPORT, WA US","2004-11-23","0.34",,,"48","51","44"
"USW00024233","SEATTLE TACOMA INTERNATIONAL AIRPORT, WA US","2004-11-24","0.51",,,"53","56","50"
"USW00024233","SEATTLE TACOMA INTERNATIONAL AIRPORT, WA US","2004-11-25","0.13",,,"46","52","40"
"USW00024233","SEATTLE TACOMA INTERNATIONAL AIRPORT, WA US","2004-11-26","0.08",,,"41","47","34"
"USW00024233","SEATTLE TACOMA INTERNATIONAL AIRPORT, WA US","2004-11-27","0.01",,,"43","46","39"
"USW00024233","SEATTLE TACOMA INTERNATIONAL AIRPORT, WA US","2004-11-28","0.00",,,"39","45","33"
"USW00024233","SEATTLE TACOMA INTERNATIONAL AIRPORT, WA US","2004-11-29","0.15",,,"34","39","29"
"USW00024233","SEATTLE TACOMA INTERNATIONAL AIRPORT, WA US","2004-11-30","0.08",,,"41","43","39"
"USW00024233","SEATTLE TACOMA INTERNATIONAL AIRPORT, WA US","2004-12-01","0.00",,,"41","44","38"
"USW00024233","SEATTLE TACOMA INTERNATIONAL AIRPORT, WA US","2004-12-02","0.00",,,"41","45","37"
"USW00024233","SEATTLE TACOMA INTERNATIONAL AIRPORT, WA US","2004-12-03","0.00",,,"44","47","40"
"USW00024233","SEATTLE TACOMA INTERNATIONAL AIRPORT, WA US","2004-12-04","0.25",,,"43","45","41"
"USW00024233","SEATTLE TACOMA INTERNATIONAL AIRPORT, WA US","2004-12-05","0.02",,,"40","42","37"
"USW00024233","SEATTLE TACOMA INTERNATIONAL AIRPORT, WA US","2004-12-06","0.26",,,"42","46","38"
"USW00024233","SEATTLE TACOMA INTERNATIONAL AIRPORT, WA US","2004-12-07","0.50",,,"42","45","39"
"USW00024233","SEATTLE TACOMA INTERNATIONAL AIRPORT, WA US","2004-12-08","0.53",,,"46","50","42"
"USW00024233","SEATTLE TACOMA INTERNATIONAL AIRPORT, WA US","2004-12-09","0.82",,,"45","50","39"
"USW00024233","SEATTLE TACOMA INTERNATIONAL AIRPORT, WA US","2004-12-10","0.69",,,"55","59","50"
"USW00024233","SEATTLE TACOMA INTERNATIONAL AIRPORT, WA US","2004-12-11","0.17",,,"45","50","39"
"USW00024233","SEATTLE TACOMA INTERNATIONAL AIRPORT, WA US","2004-12-12","0.00",,,"45","54","35"
"USW00024233","SEATTLE TACOMA INTERNATIONAL AIRPORT, WA US","2004-12-13","0.32",,,"49","53","44"
"USW00024233","SEATTLE TACOMA INTERNATIONAL AIRPORT, WA US","2004-12-14","0.12",,,"50","53","47"
"USW00024233","SEATTLE TACOMA INTERNATIONAL AIRPORT, WA US","2004-12-15","0.00",,,"47","52","41"
"USW00024233","SEATTLE TACOMA INTERNATIONAL AIRPORT, WA US","2004-12-16","0.00",,,"41","45","37"
"USW00024233","SEATTLE TACOMA INTERNATIONAL AIRPORT, WA US","2004-12-17","0.00",,,"43","44","41"
"USW00024233","SEATTLE TACOMA INTERNATIONAL AIRPORT, WA US","2004-12-18","0.00",,,"48","54","41"
"USW00024233","SEATTLE TACOMA INTERNATIONAL AIRPORT, WA US","2004-12-19","0.10",,,"44","50","38"
"USW00024233","SEATTLE TACOMA INTERNATIONAL AIRPORT, WA US","2004-12-20","0.00",,,"39","45","33"
"USW00024233","SEATTLE TACOMA INTERNATIONAL AIRPORT, WA US","2004-12-21","0.00",,,"40","46","34"
"USW00024233","SEATTLE TACOMA INTERNATIONAL AIRPORT, WA US","2004-12-22","0.00",,,"41","45","36"
"USW00024233","SEATTLE TACOMA INTERNATIONAL AIRPORT, WA US","2004-12-23","0.00",,,"36","40","32"
"USW00024233","SEATTLE TACOMA INTERNATIONAL AIRPORT, WA US","2004-12-24","0.00",,,"37","39","34"
"USW00024233","SEATTLE TACOMA INTERNATIONAL AIRPORT, WA US","2004-12-25","0.36",,,"42","47","37"
"USW00024233","SEATTLE TACOMA INTERNATIONAL AIRPORT, WA US","2004-12-26","0.04",,,"42","45","39"
"USW00024233","SEATTLE TACOMA INTERNATIONAL AIRPORT, WA US","2004-12-27","0.00",,,"42","47","36"
"USW00024233","SEATTLE TACOMA INTERNATIONAL AIRPORT, WA US","2004-12-28","0.00",,,"34","39","29"
"USW00024233","SEATTLE TACOMA INTERNATIONAL AIRPORT, WA US","2004-12-29","0.18",,,"40","43","36"
"USW00024233","SEATTLE TACOMA INTERNATIONAL AIRPORT, WA US","2004-12-30","0.01",,,"40","44","36"
"USW00024233","SEATTLE TACOMA INTERNATIONAL AIRPORT, WA US","2004-12-31","0.00",,,"40","47","33"
"USW00024233","SEATTLE TACOMA INTERNATIONAL AIRPORT, WA US","2005-01-01","0.05",,,"41","45","37"
"USW00024233","SEATTLE TACOMA INTERNATIONAL AIRPORT, WA US","2005-01-02","0.00",,,"36","41","30"
"USW00024233","SEATTLE TACOMA INTERNATIONAL AIRPORT, WA US","2005-01-03","0.00",,,"34","40","28"
"USW00024233","SEATTLE TACOMA INTERNATIONAL AIRPORT, WA US","2005-01-04","0.00",,,"34","40","28"
"USW00024233","SEATTLE TACOMA INTERNATIONAL AIRPORT, WA US","2005-01-05","0.00",,,"32","39","24"
"USW00024233","SEATTLE TACOMA INTERNATIONAL AIRPORT, WA US","2005-01-06","0.17",,,"33","40","26"
"USW00024233","SEATTLE TACOMA INTERNATIONAL AIRPORT, WA US","2005-01-07","0.08",,,"39","44","34"
"USW00024233","SEATTLE TACOMA INTERNATIONAL AIRPORT, WA US","2005-01-08","0.02",,,"39","44","33"
"USW00024233","SEATTLE TACOMA INTERNATIONAL AIRPORT, WA US","2005-01-09","0.04",,,"35","37","32"
"USW00024233","SEATTLE TACOMA INTERNATIONAL AIRPORT, WA US","2005-01-10","0.00",,,"33","38","27"
"USW00024233","SEATTLE TACOMA INTERNATIONAL AIRPORT, WA US","2005-01-11","0.00",,,"31","39","23"
"USW00024233","SEATTLE TACOMA INTERNATIONAL AIRPORT, WA US","2005-01-12","0.00",,,"42","45","39"
"USW00024233","SEATTLE TACOMA INTERNATIONAL AIRPORT, WA US","2005-01-13","0.00",,,"36","40","31"
"USW00024233","SEATTLE TACOMA INTERNATIONAL AIRPORT, WA US","2005-01-14","0.00",,,"33","38","27"
"USW00024233","SEATTLE TACOMA INTERNATIONAL AIRPORT, WA US","2005-01-15","0.19",,,"32","37","26"
"USW00024233","SEATTLE TACOMA INTERNATIONAL AIRPORT, WA US","2005-01-16","0.09",,,"38","44","32"
"USW00024233","SEATTLE TACOMA INTERNATIONAL AIRPORT, WA US","2005-01-17","2.39",,,"48","54","42"
"USW00024233","SEATTLE TACOMA INTERNATIONAL AIRPORT, WA US","2005-01-18","0.92",,,"57","60","53"
"USW00024233","SEATTLE TACOMA INTERNATIONAL AIRPORT, WA US","2005-01-19","0.00",,,"56","62","50"
"USW00024233","SEATTLE TACOMA INTERNATIONAL AIRPORT, WA US","2005-01-20","0.15",,,"52","54","49"
"USW00024233","SEATTLE TACOMA INTERNATIONAL AIRPORT, WA US","2005-01-21","0.02",,,"55","61","49"
"USW00024233","SEATTLE TACOMA INTERNATIONAL AIRPORT, WA US","2005-01-22","0.17",,,"53","55","50"
"USW00024233","SEATTLE TACOMA INTERNATIONAL AIRPORT, WA US","2005-01-23","0.00",,,"51","56","45"
"USW00024233","SEATTLE TACOMA INTERNATIONAL AIRPORT, WA US","2005-01-24","0.00",,,"50","57","42"
"USW00024233","SEATTLE TACOMA INTERNATIONAL AIRPORT, WA US","2005-01-25","0.00",,,"44","50","37"
"USW00024233","SEATTLE TACOMA INTERNATIONAL AIRPORT, WA US","2005-01-26","0.04",,,"45","50","40"
"USW00024233","SEATTLE TACOMA INTERNATIONAL AIRPORT, WA US","2005-01-27","0.07",,,"47","53","41"
"USW00024233","SEATTLE TACOMA INTERNATIONAL AIRPORT, WA US","2005-01-28","0.01",,,"48","55","40"
"USW00024233","SEATTLE TACOMA INTERNATIONAL AIRPORT, WA US","2005-01-29","0.00",,,"45","47","42"
"USW00024233","SEATTLE TACOMA INTERNATIONAL AIRPORT, WA US","2005-01-30","0.01",,,"46","51","41"
"USW00024233","SEATTLE TACOMA INTERNATIONAL AIRPORT, WA US","2005-01-31","0.02",,,"48","54","42"
"USW00024233","SEATTLE TACOMA INTERNATIONAL AIRPORT, WA US","2005-02-01","0.00",,,"45","53","36"
"USW00024233","SEATTLE TACOMA INTERNATIONAL AIRPORT, WA US","2005-02-02","0.00",,,"52","59","45"
"USW00024233","SEATTLE TACOMA INTERNATIONAL AIRPORT, WA US","2005-02-03","0.00",,,"45","51","39"
"USW00024233","SEATTLE TACOMA INTERNATIONAL AIRPORT, WA US","2005-02-04","0.12",,,"46","50","41"
"USW00024233","SEATTLE TACOMA INTERNATIONAL AIRPORT, WA US","2005-02-05","0.00",,,"40","44","35"
"USW00024233","SEATTLE TACOMA INTERNATIONAL AIRPORT, WA US","2005-02-06","0.75",,,"40","43","37"
"USW00024233","SEATTLE TACOMA INTERNATIONAL AIRPORT, WA US","2005-02-07","0.00",,,"41","46","35"
"USW00024233","SEATTLE TACOMA INTERNATIONAL AIRPORT, WA US","2005-02-08","0.00",,,"40","48","31"
"USW00024233","SEATTLE TACOMA INTERNATIONAL AIRPORT, WA US","2005-02-09","0.00",,,"41","49","33"
"USW00024233","SEATTLE TACOMA INTERNATIONAL AIRPORT, WA US","2005-02-10","0.00",,,"40","51","29"
"USW00024233","SEATTLE TACOMA INTERNATIONAL AIRPORT, WA US","2005-02-11","0.00",,,"42","55","29"
"USW00024233","SEATTLE TACOMA INTERNATIONAL AIRPORT, WA US","2005-02-12","0.09",,,"44","47","40"
"USW00024233","SEATTLE TACOMA INTERNATIONAL AIRPORT, WA US","2005-02-13","0.00",,,"41","45","36"
"USW00024233","SEATTLE TACOMA INTERNATIONAL AIRPORT, WA US","2005-02-14","0.00",,,"37","43","30"
"USW00024233","SEATTLE TACOMA INTERNATIONAL AIRPORT, WA US","2005-02-15","0.00",,,"35","44","26"
"USW00024233","SEATTLE TACOMA INTERNATIONAL AIRPORT, WA US","2005-02-16","0.00",,,"41","51","31"
"USW00024233","SEATTLE TACOMA INTERNATIONAL AIRPORT, WA US","2005-02-17","0.00",,,"42","52","32"
"USW00024233","SEATTLE TACOMA INTERNATIONAL AIRPORT, WA US","2005-02-18","0.00",,,"43","54","32"
"USW00024233","SEATTLE TACOMA INTERNATIONAL AIRPORT, WA US","2005-02-19","0.00",,,"38","48","28"
"USW00024233","SEATTLE TACOMA INTERNATIONAL AIRPORT, WA US","2005-02-20","0.00",,,"42","50","34"
"USW00024233","SEATTLE TACOMA INTERNATIONAL AIRPORT, WA US","2005-02-21","0.00",,,"41","53","28"
"USW00024233","SEATTLE TACOMA INTERNATIONAL AIRPORT, WA US","2005-02-22","0.00",,,"43","56","30"
"USW00024233","SEATTLE TACOMA INTERNATIONAL AIRPORT, WA US","2005-02-23","0.00",,,"45","59","31"
"USW00024233","SEATTLE TACOMA INTERNATIONAL AIRPORT, WA US","2005-02-24","0.00",,,"48","61","34"
"USW00024233","SEATTLE TACOMA INTERNATIONAL AIRPORT, WA US","2005-02-25","0.00",,,"45","51","39"
"USW00024233","SEATTLE TACOMA INTERNATIONAL AIRPORT, WA US","2005-02-26","0.00",,,"41","47","34"
"USW00024233","SEATTLE TACOMA INTERNATIONAL AIRPORT, WA US","2005-02-27","0.00",,,"48","61","35"
"USW00024233","SEATTLE TACOMA INTERNATIONAL AIRPORT, WA US","2005-02-28","0.24",,,"52","58","45"
"USW00024233","SEATTLE TACOMA INTERNATIONAL AIRPORT, WA US","2005-03-01","0.12",,,"53","60","45"
"USW00024233","SEATTLE TACOMA INTERNATIONAL AIRPORT, WA US","2005-03-02","0.04",,,"50","55","45"
"USW00024233","SEATTLE TACOMA INTERNATIONAL AIRPORT, WA US","2005-03-03","0.00",,,"51","61","40"
"USW00024233","SEATTLE TACOMA INTERNATIONAL AIRPORT, WA US","2005-03-04","0.00",,,"51","58","43"
"USW00024233","SEATTLE TACOMA INTERNATIONAL AIRPORT, WA US","2005-03-05","0.00",,,"51","59","42"
"USW00024233","SEATTLE TACOMA INTERNATIONAL AIRPORT, WA US","2005-03-06","0.00",,,"55","61","49"
"USW00024233","SEATTLE TACOMA INTERNATIONAL AIRPORT, WA US","2005-03-07","0.00",,,"57","63","50"
"USW00024233","SEATTLE TACOMA INTERNATIONAL AIRPORT, WA US","2005-03-08","0.00",,,"56","67","45"
"USW00024233","SEATTLE TACOMA INTERNATIONAL AIRPORT, WA US","2005-03-09","0.01",,,"53","58","48"
"USW00024233","SEATTLE TACOMA INTERNATIONAL AIRPORT, WA US","2005-03-10","0.00",,,"55","63","46"
"USW00024233","SEATTLE TACOMA INTERNATIONAL AIRPORT, WA US","2005-03-11","0.00",,,"54","65","42"
"USW00024233","SEATTLE TACOMA INTERNATIONAL AIRPORT, WA US","2005-03-12","0.00",,,"54","60","47"
"USW00024233","SEATTLE TACOMA INTERNATIONAL AIRPORT, WA US","2005-03-13","0.00",,,"51","62","39"
"USW00024233","SEATTLE TACOMA INTERNATIONAL AIRPORT, WA US","2005-03-14","0.00",,,"49","61","37"
"USW00024233","SEATTLE TACOMA INTERNATIONAL AIRPORT, WA US","2005-03-15","0.00",,,"49","56","42"
"USW00024233","SEATTLE TACOMA INTERNATIONAL AIRPORT, WA US","2005-03-16","0.14",,,"45","49","41"
"USW00024233","SEATTLE TACOMA INTERNATIONAL AIRPORT, WA US","2005-03-17","0.00",,,"47","53","41"
"USW00024233","SEATTLE TACOMA INTERNATIONAL AIRPORT, WA US","2005-03-18","0.00",,,"44","50","38"
"USW00024233","SEATTLE TACOMA INTERNATIONAL AIRPORT, WA US","2005-03-19","0.34",,,"46","55","37"
"USW00024233","SEATTLE TACOMA INTERNATIONAL AIRPORT, WA US","2005-03-20","0.10",,,"48","55","40"
"USW00024233","SEATTLE TACOMA INTERNATIONAL AIRPORT, WA US","2005-03-21","0.07",,,"43","49","37"
"USW00024233","SEATTLE TACOMA INTERNATIONAL AIRPORT, WA US","2005-03-22","0.00",,,"45","53","37"
"USW00024233","SEATTLE TACOMA INTERNATIONAL AIRPORT, WA US","2005-03-23","0.00",,,"47","56","37"
"USW00024233","SEATTLE TACOMA INTERNATIONAL AIRPORT, WA US","2005-03-24","0.00",,,"48","54","41"
"USW00024233","SEATTLE TACOMA INTERNATIONAL AIRPORT, WA US","2005-03-25","0.00",,,"45","53","37"
"USW00024233","SEATTLE TACOMA INTERNATIONAL AIRPORT, WA US","2005-03-26","1.51",,,"47","50","43"
"USW00024233","SEATTLE TACOMA INTERNATIONAL AIRPORT, WA US","2005-03-27","0.64",,,"48","52","44"
"USW00024233","SEATTLE TACOMA INTERNATIONAL AIRPORT, WA US","2005-03-28","0.40",,,"44","47","41"
"USW00024233","SEATTLE TACOMA INTERNATIONAL AIRPORT, WA US","2005-03-29","0.13",,,"46","50","41"
"USW00024233","SEATTLE TACOMA INTERNATIONAL AIRPORT, WA US","2005-03-30","0.00",,,"48","54","41"
"USW00024233","SEATTLE TACOMA INTERNATIONAL AIRPORT, WA US","2005-03-31","0.21",,,"48","54","42"
"USW00024233","SEATTLE TACOMA INTERNATIONAL AIRPORT, WA US","2005-04-01","0.34",,,"47","53","40"
"USW00024233","SEATTLE TACOMA INTERNATIONAL AIRPORT, WA US","2005-04-02","0.10",,,"47","55","38"
"USW00024233","SEATTLE TACOMA INTERNATIONAL AIRPORT, WA US","2005-04-03","0.40",,,"47","50","43"
"USW00024233","SEATTLE TACOMA INTERNATIONAL AIRPORT, WA US","2005-04-04","0.00",,,"46","52","40"
"USW00024233","SEATTLE TACOMA INTERNATIONAL AIRPORT, WA US","2005-04-05","0.07",,,"50","58","42"
"USW00024233","SEATTLE TACOMA INTERNATIONAL AIRPORT, WA US","2005-04-06","0.00",,,"54","62","45"
"USW00024233","SEATTLE TACOMA INTERNATIONAL AIRPORT, WA US","2005-04-07","0.20",,,"47","54","40"
"USW00024233","SEATTLE TACOMA INTERNATIONAL AIRPORT, WA US","2005-04-08","0.00",,,"46","55","37"
"USW00024233","SEATTLE TACOMA INTERNATIONAL AIRPORT, WA US","2005-04-09","0.00",,,"48","55","40"
"USW00024233","SEATTLE TACOMA INTERNATIONAL AIRPORT, WA US","2005-04-10","0.28",,,"45","52","38"
"USW00024233","SEATTLE TACOMA INTERNATIONAL AIRPORT, WA US","2005-04-11","0.40",,,"44","50","37"
"USW00024233","SEATTLE TACOMA INTERNATIONAL AIRPORT, WA US","2005-04-12","0.06",,,"43","49","36"
"USW00024233","SEATTLE TACOMA INTERNATIONAL AIRPORT, WA US","2005-04-13","0.00",,,"45","52","37"
"USW00024233","SEATTLE TACOMA INTERNATIONAL AIRPORT, WA US","2005-04-14","0.00",,,"45","51","38"
"USW00024233","SEATTLE TACOMA INTERNATIONAL AIRPORT, WA US","2005-04-15","0.39",,,"46","50","41"
"USW00024233","SEATTLE TACOMA INTERNATIONAL AIRPORT, WA US","2005-04-16","0.59",,,"49","55","43"
"USW00024233","SEATTLE TACOMA INTERNATIONAL AIRPORT, WA US","2005-04-17","0.03",,,"47","54","40"
"USW00024233","SEATTLE TACOMA INTERNATIONAL AIRPORT, WA US","2005-04-18","0.01",,,"50","57","43"
"USW00024233","SEATTLE TACOMA INTERNATIONAL AIRPORT, WA US","2005-04-19","0.00",,,"51","62","40"
"USW00024233","SEATTLE TACOMA INTERNATIONAL AIRPORT, WA US","2005-04-20","0.00",,,"53","64","41"
"USW00024233","SEATTLE TACOMA INTERNATIONAL AIRPORT, WA US","2005-04-21","0.00",,,"54","61","47"
"USW00024233","SEATTLE TACOMA INTERNATIONAL AIRPORT, WA US","2005-04-22","0.00",,,"65","78","51"
"USW00024233","SEATTLE TACOMA INTERNATIONAL AIRPORT, WA US","2005-04-23","0.12",,,"58","64","52"
"USW00024233","SEATTLE TACOMA INTERNATIONAL AIRPORT, WA US","2005-04-24","0.03",,,"58","65","51"
"USW00024233","SEATTLE TACOMA INTERNATIONAL AIRPORT, WA US","2005-04-25","0.00",,,"58","63","52"
"USW00024233","SEATTLE TACOMA INTERNATIONAL AIRPORT, WA US","2005-04-26","0.00",,,"60","65","54"
"USW00024233","SEATTLE TACOMA INTERNATIONAL AIRPORT, WA US","2005-04-27","0.00",,,"61","71","50"
"USW00024233","SEATTLE TACOMA INTERNATIONAL AIRPORT, WA US","2005-04-28","0.16",,,"59","65","52"
"USW00024233","SEATTLE TACOMA INTERNATIONAL AIRPORT, WA US","2005-04-29","0.45",,,"52","54","50"
"USW00024233","SEATTLE TACOMA INTERNATIONAL AIRPORT, WA US","2005-04-30","0.05",,,"56","62","49"
"USW00024233","SEATTLE TACOMA INTERNATIONAL AIRPORT, WA US","2005-05-01","0.00",,,"59","70","48"
"USW00024233","SEATTLE TACOMA INTERNATIONAL AIRPORT, WA US","2005-05-02","0.04",,,"57","62","51"
"USW00024233","SEATTLE TACOMA INTERNATIONAL AIRPORT, WA US","2005-05-03","0.00",,,"57","65","49"
"USW00024233","SEATTLE TACOMA INTERNATIONAL AIRPORT, WA US","2005-05-04","0.02",,,"59","66","52"
"USW00024233","SEATTLE TACOMA INTERNATIONAL AIRPORT, WA US","2005-05-05","0.00",,,"61","68","54"
"USW00024233","SEATTLE TACOMA INTERNATIONAL AIRPORT, WA US","2005-05-06","0.00",,,"58","66","50"
"USW00024233","SEATTLE TACOMA INTERNATIONAL AIRPORT, WA US","2005-05-07","0.00",,,"55","61","48"
"USW00024233","SEATTLE TACOMA INTERNATIONAL AIRPORT, WA US","2005-05-08","0.09",,,"55","61","48"
"USW00024233","SEATTLE TACOMA INTERNATIONAL AIRPORT, WA US","2005-05-09","0.49",,,"55","58","51"
"USW00024233","SEATTLE TACOMA INTERNATIONAL AIRPORT, WA US","2005-05-10","0.14",,,"57","63","51"
"USW00024233","SEATTLE TACOMA INTERNATIONAL AIRPORT, WA US","2005-05-11","0.00",,,"55","60","50"
"USW00024233","SEATTLE TACOMA INTERNATIONAL AIRPORT, WA US","2005-05-12","0.00",,,"58","63","52"
"USW00024233","SEATTLE TACOMA INTERNATIONAL AIRPORT, WA US","2005-05-13","0.00",,,"60","69","50"
"USW00024233","SEATTLE TACOMA INTERNATIONAL AIRPORT, WA US","2005-05-14","0.14",,,"62","69","54"
"USW00024233","SEATTLE TACOMA INTERNATIONAL AIRPORT, WA US","2005-05-15","0.47",,,"58","62","53"
"USW00024233","SEATTLE TACOMA INTERNATIONAL AIRPORT, WA US","2005-05-16","0.01",,,"56","62","49"
"USW00024233","SEATTLE TACOMA INTERNATIONAL AIRPORT, WA US","2005-05-17","0.09",,,"53","60","46"
"USW00024233","SEATTLE TACOMA INTERNATIONAL AIRPORT, WA US","2005-05-18","0.72",,,"58","64","52"
"USW00024233","SEATTLE TACOMA INTERNATIONAL AIRPORT, WA US","2005-05-19","0.46",,,"55","61","49"
"USW00024233","SEATTLE TACOMA INTERNATIONAL AIRPORT, WA US","2005-05-20","0.24",,,"54","59","48"
"USW00024233","SEATTLE TACOMA INTERNATIONAL AIRPORT, WA US","2005-05-21","0.23",,,"53","61","45"
"USW00024233","SEATTLE TACOMA INTERNATIONAL AIRPORT, WA US","2005-05-22","0.08",,,"53","59","47"
"USW00024233","SEATTLE TACOMA INTERNATIONAL AIRPORT, WA US","2005-05-23","0.00",,,"54","63","44"
"USW00024233","SEATTLE TACOMA INTERNATIONAL AIRPORT, WA US","2005-05-24","0.00",,,"58","66","49"
"USW00024233","SEATTLE TACOMA INTERNATIONAL AIRPORT, WA US","2005-05-25","0.00",,,"64","77","50"
"USW00024233","SEATTLE TACOMA INTERNATIONAL AIRPORT, WA US","2005-05-26","0.00",,,"73","89","56"
"USW00024233","SEATTLE TACOMA INTERNATIONAL AIRPORT, WA US","2005-05-27","0.00",,,"74","89","58"
"USW00024233","SEATTLE TACOMA INTERNATIONAL AIRPORT, WA US","2005-05-28","0.00",,,"65","76","54"
"USW00024233","SEATTLE TACOMA INTERNATIONAL AIRPORT, WA US","2005-05-29","0.00",,,"60","63","56"
"USW00024233","SEATTLE TACOMA INTERNATIONAL AIRPORT, WA US","2005-05-30","0.00",,,"59","64","54"
"USW00024233","SEATTLE TACOMA INTERNATIONAL AIRPORT, WA US","2005-05-31","0.10",,,"58","64","51"
"USW00024233","SEATTLE TACOMA INTERNATIONAL AIRPORT, WA US","2005-06-01","0.03",,,"59","66","51"
"USW00024233","SEATTLE TACOMA INTERNATIONAL AIRPORT, WA US","2005-06-02","0.00",,,"59","65","52"
"USW00024233","SEATTLE TACOMA INTERNATIONAL AIRPORT, WA US","2005-06-03","0.00",,,"56","61","50"
"USW00024233","SEATTLE TACOMA INTERNATIONAL AIRPORT, WA US","2005-06-04","0.00",,,"57","64","50"
"USW00024233","SEATTLE TACOMA INTERNATIONAL AIRPORT, WA US","2005-06-05","0.01",,,"56","62","50"
"USW00024233","SEATTLE TACOMA INTERNATIONAL AIRPORT, WA US","2005-06-06","0.00",,,"55","61","49"
"USW00024233","SEATTLE TACOMA INTERNATIONAL AIRPORT, WA US","2005-06-07","0.10",,,"56","60","51"
"USW00024233","SEATTLE TACOMA INTERNATIONAL AIRPORT, WA US","2005-06-08","0.03",,,"56","62","50"
"USW00024233","SEATTLE TACOMA INTERNATIONAL AIRPORT, WA US","2005-06-09","0.00",,,"61","69","52"
"USW00024233","SEATTLE TACOMA INTERNATIONAL AIRPORT, WA US","2005-06-10","0.00",,,"58","65","50"
"USW00024233","SEATTLE TACOMA INTERNATIONAL AIRPORT, WA US","2005-06-11","0.54",,,"57","64","49"
"USW00024233","SEATTLE TACOMA INTERNATIONAL AIRPORT, WA US","2005-06-12","0.01",,,"58","67","48"
"USW00024233","SEATTLE TACOMA INTERNATIONAL AIRPORT, WA US","2005-06-13","0.07",,,"58","65","50"
"USW00024233","SEATTLE TACOMA INTERNATIONAL AIRPORT, WA US","2005-06-14","0.00",,,"59","66","52"
"USW00024233","SEATTLE TACOMA INTERNATIONAL AIRPORT, WA US","2005-06-15","0.00",,,"59","68","50"
"USW00024233","SEATTLE TACOMA INTERNATIONAL AIRPORT, WA US","2005-06-16","0.52",,,"62","71","53"
"USW00024233","SEATTLE TACOMA INTERNATIONAL AIRPORT, WA US","2005-06-17","0.06",,,"62","70","53"
"USW00024233","SEATTLE TACOMA INTERNATIONAL AIRPORT, WA US","2005-06-18","0.00",,,"63","70","56"
"USW00024233","SEATTLE TACOMA INTERNATIONAL AIRPORT, WA US","2005-06-19","0.00",,,"65","76","54"
"USW00024233","SEATTLE TACOMA INTERNATIONAL AIRPORT, WA US","2005-06-20","0.00",,,"68","79","57"
"USW00024233","SEATTLE TACOMA INTERNATIONAL AIRPORT, WA US","2005-06-21","0.08",,,"63","70","56"
"USW00024233","SEATTLE TACOMA INTERNATIONAL AIRPORT, WA US","2005-06-22","0.01",,,"58","61","55"
"USW00024233","SEATTLE TACOMA INTERNATIONAL AIRPORT, WA US","2005-06-23","0.00",,,"61","71","50"
"USW00024233","SEATTLE TACOMA INTERNATIONAL AIRPORT, WA US","2005-06-24","0.00",,,"64","74","54"
"USW00024233","SEATTLE TACOMA INTERNATIONAL AIRPORT, WA US","2005-06-25","0.02",,,"64","71","56"
"USW00024233","SEATTLE TACOMA INTERNATIONAL AIRPORT, WA US","2005-06-26","0.10",,,"59","64","54"
"USW00024233","SEATTLE TACOMA INTERNATIONAL AIRPORT, WA US","2005-06-27","0.05",,,"59","64","53"
"USW00024233","SEATTLE TACOMA INTERNATIONAL AIRPORT, WA US","2005-06-28","0.00",,,"61","66","55"
"USW00024233","SEATTLE TACOMA INTERNATIONAL AIRPORT, WA US","2005-06-29","0.00",,,"65","73","56"
"USW00024233","SEATTLE TACOMA INTERNATIONAL AIRPORT, WA US","2005-06-30","0.00",,,"67","77","57"
"USW00024233","SEATTLE TACOMA INTERNATIONAL AIRPORT, WA US","2005-07-01","0.00",,,"61","66","55"
"USW00024233","SEATTLE TACOMA INTERNATIONAL AIRPORT, WA US","2005-07-02","0.00",,,"60","64","55"
"USW00024233","SEATTLE TACOMA INTERNATIONAL AIRPORT, WA US","2005-07-03","0.00",,,"63","75","51"
"USW00024233","SEATTLE TACOMA INTERNATIONAL AIRPORT, WA US","2005-07-04","0.00",,,"66","79","53"
"USW00024233","SEATTLE TACOMA INTERNATIONAL AIRPORT, WA US","2005-07-05","0.32",,,"65","74","55"
"USW00024233","SEATTLE TACOMA INTERNATIONAL AIRPORT, WA US","2005-07-06","0.04",,,"63","68","58"
"USW00024233","SEATTLE TACOMA INTERNATIONAL AIRPORT, WA US","2005-07-07","0.00",,,"63","71","54"
"USW00024233","SEATTLE TACOMA INTERNATIONAL AIRPORT, WA US","2005-07-08","0.40",,,"58","60","55"
"USW00024233","SEATTLE TACOMA INTERNATIONAL AIRPORT, WA US","2005-07-09","0.00",,,"62","70","53"
"USW00024233","SEATTLE TACOMA INTERNATIONAL AIRPORT, WA US","2005-07-10","0.00",,,"60","66","54"
"USW00024233","SEATTLE TACOMA INTERNATIONAL AIRPORT, WA US","2005-07-11","0.01",,,"65","71","58"
"USW00024233","SEATTLE TACOMA INTERNATIONAL AIRPORT, WA US","2005-07-12","0.01",,,"65","73","56"
"USW00024233","SEATTLE TACOMA INTERNATIONAL AIRPORT, WA US","2005-07-13","0.00",,,"65","72","58"
"USW00024233","SEATTLE TACOMA INTERNATIONAL AIRPORT, WA US","2005-07-14","0.00",,,"66","77","55"
"USW00024233","SEATTLE TACOMA INTERNATIONAL AIRPORT, WA US","2005-07-15","0.00",,,"63","69","57"
"USW00024233","SEATTLE TACOMA INTERNATIONAL AIRPORT, WA US","2005-07-16","0.00",,,"64","72","56"
"USW00024233","SEATTLE TACOMA INTERNATIONAL AIRPORT, WA US","2005-07-17","0.00",,,"70","82","58"
"USW00024233","SEATTLE TACOMA INTERNATIONAL AIRPORT, WA US","2005-07-18","0.00",,,"73","87","58"
"USW00024233","SEATTLE TACOMA INTERNATIONAL AIRPORT, WA US","2005-07-19","0.00",,,"64","74","54"
"USW00024233","SEATTLE TACOMA INTERNATIONAL AIRPORT, WA US","2005-07-20","0.00",,,"65","76","54"
"USW00024233","SEATTLE TACOMA INTERNATIONAL AIRPORT, WA US","2005-07-21","0.00",,,"69","81","57"
"USW00024233","SEATTLE TACOMA INTERNATIONAL AIRPORT, WA US","2005-07-22","0.25",,,"65","73","57"
"USW00024233","SEATTLE TACOMA INTERNATIONAL AIRPORT, WA US","2005-07-23","0.00",,,"65","75","54"
"USW00024233","SEATTLE TACOMA INTERNATIONAL AIRPORT, WA US","2005-07-24","0.00",,,"65","75","55"
"USW00024233","SEATTLE TACOMA INTERNATIONAL AIRPORT, WA US","2005-07-25","0.00",,,"67","79","54"
"USW00024233","SEATTLE TACOMA INTERNATIONAL AIRPORT, WA US","2005-07-26","0.00",,,"71","86","56"
"USW00024233","SEATTLE TACOMA INTERNATIONAL AIRPORT, WA US","2005-07-27","0.00",,,"74","87","60"
"USW00024233","SEATTLE TACOMA INTERNATIONAL AIRPORT, WA US","2005-07-28","0.00",,,"70","81","58"
"USW00024233","SEATTLE TACOMA INTERNATIONAL AIRPORT, WA US","2005-07-29","0.00",,,"70","82","58"
"USW00024233","SEATTLE TACOMA INTERNATIONAL AIRPORT, WA US","2005-07-30","0.00",,,"71","85","57"
"USW00024233","SEATTLE TACOMA INTERNATIONAL AIRPORT, WA US","2005-07-31","0.00",,,"71","85","56"
"USW00024233","SEATTLE TACOMA INTERNATIONAL AIRPORT, WA US","2005-08-01","0.00",,,,"72","59"
"USW00024233","SEATTLE TACOMA INTERNATIONAL AIRPORT, WA US","2005-08-02","0.00",,,,"77","54"
"USW00024233","SEATTLE TACOMA INTERNATIONAL AIRPORT, WA US","2005-08-03","0.00",,,,"83","55"
"USW00024233","SEATTLE TACOMA INTERNATIONAL AIRPORT, WA US","2005-08-04","0.00",,,,"87","59"
"USW00024233","SEATTLE TACOMA INTERNATIONAL AIRPORT, WA US","2005-08-05","0.00",,,,"86","58"
"USW00024233","SEATTLE TACOMA INTERNATIONAL AIRPORT, WA US","2005-08-06","0.00",,,,"75","56"
"USW00024233","SEATTLE TACOMA INTERNATIONAL AIRPORT, WA US","2005-08-07","0.00",,,,"80","55"
"USW00024233","SEATTLE TACOMA INTERNATIONAL AIRPORT, WA US","2005-08-08","0.00",,,,"80","56"
"USW00024233","SEATTLE TACOMA INTERNATIONAL AIRPORT, WA US","2005-08-09","0.00",,,,"74","54"
"USW00024233","SEATTLE TACOMA INTERNATIONAL AIRPORT, WA US","2005-08-10","0.00",,,,"66","57"
"USW00024233","SEATTLE TACOMA INTERNATIONAL AIRPORT, WA US","2005-08-11","0.00",,,,"69","58"
"USW00024233","SEATTLE TACOMA INTERNATIONAL AIRPORT, WA US","2005-08-12","0.00",,,,"76","55"
"USW00024233","SEATTLE TACOMA INTERNATIONAL AIRPORT, WA US","2005-08-13","0.00",,,,"87","57"
"USW00024233","SEATTLE TACOMA INTERNATIONAL AIRPORT, WA US","2005-08-14","0.00",,,,"88","59"
"USW00024233","SEATTLE TACOMA INTERNATIONAL AIRPORT, WA US","2005-08-15","0.00",,,,"86","58"
"USW00024233","SEATTLE TACOMA INTERNATIONAL AIRPORT, WA US","2005-08-16","0.00",,,,"65","57"
"USW00024233","SEATTLE TACOMA INTERNATIONAL AIRPORT, WA US","2005-08-17","0.05",,,,"73","57"
"USW00024233","SEATTLE TACOMA INTERNATIONAL AIRPORT, WA US","2005-08-18","0.00",,,,"78","56"
"USW00024233","SEATTLE TACOMA INTERNATIONAL AIRPORT, WA US","2005-08-19","0.00",,,,"84","55"
"USW00024233","SEATTLE TACOMA INTERNATIONAL AIRPORT, WA US","2005-08-20","0.00",,,,"80","54"
"USW00024233","SEATTLE TACOMA INTERNATIONAL AIRPORT, WA US","2005-08-21","0.00",,,,"76","55"
"USW00024233","SEATTLE TACOMA INTERNATIONAL AIRPORT, WA US","2005-08-22","0.00",,,,"75","56"
"USW00024233","SEATTLE TACOMA INTERNATIONAL AIRPORT, WA US","2005-08-23","0.00",,,,"71","55"
"USW00024233","SEATTLE TACOMA INTERNATIONAL AIRPORT, WA US","2005-08-24","0.00",,,,"78","53"
"USW00024233","SEATTLE TACOMA INTERNATIONAL AIRPORT, WA US","2005-08-25","0.00",,,,"84","56"
"USW00024233","SEATTLE TACOMA INTERNATIONAL AIRPORT, WA US","2005-08-26","0.00",,,,"82","56"
"USW00024233","SEATTLE TACOMA INTERNATIONAL AIRPORT, WA US","2005-08-27","0.00",,,,"77","56"
"USW00024233","SEATTLE TACOMA INTERNATIONAL AIRPORT, WA US","2005-08-28","0.21",,,,"77","57"
"USW00024233","SEATTLE TACOMA INTERNATIONAL AIRPORT, WA US","2005-08-29","0.03",,,,"69","56"
"USW00024233","SEATTLE TACOMA INTERNATIONAL AIRPORT, WA US","2005-08-30","0.00",,,,"67","55"
"USW00024233","SEATTLE TACOMA INTERNATIONAL AIRPORT, WA US","2005-08-31","0.00",,,,"75","57"
"USW00024233","SEATTLE TACOMA INTERNATIONAL AIRPORT, WA US","2005-09-01","0.00",,,,"78","57"
"USW00024233","SEATTLE TACOMA INTERNATIONAL AIRPORT, WA US","2005-09-02","0.00",,,,"72","54"
"USW00024233","SEATTLE TACOMA INTERNATIONAL AIRPORT, WA US","2005-09-03","0.00",,,,"71","53"
"USW00024233","SEATTLE TACOMA INTERNATIONAL AIRPORT, WA US","2005-09-04","0.00",,,,"68","53"
"USW00024233","SEATTLE TACOMA INTERNATIONAL AIRPORT, WA US","2005-09-05",,,,,"70","52"
"USW00024233","SEATTLE TACOMA INTERNATIONAL AIRPORT, WA US","2005-09-06","0.00",,,,"73","52"
"USW00024233","SEATTLE TACOMA INTERNATIONAL AIRPORT, WA US","2005-09-07","0.00",,,,"77","52"
"USW00024233","SEATTLE TACOMA INTERNATIONAL AIRPORT, WA US","2005-09-08","0.00",,,,"77","54"
"USW00024233","SEATTLE TACOMA INTERNATIONAL AIRPORT, WA US","2005-09-09","0.00",,,,"67","54"
"USW00024233","SEATTLE TACOMA INTERNATIONAL AIRPORT, WA US","2005-09-10","0.41",,,,"62","51"
"USW00024233","SEATTLE TACOMA INTERNATIONAL AIRPORT, WA US","2005-09-11","0.01",,,,"66","52"
"USW00024233","SEATTLE TACOMA INTERNATIONAL AIRPORT, WA US","2005-09-12","0.00",,,,"68","53"
"USW00024233","SEATTLE TACOMA INTERNATIONAL AIRPORT, WA US","2005-09-13","0.00",,,,"72","49"
"USW00024233","SEATTLE TACOMA INTERNATIONAL AIRPORT, WA US","2005-09-14","0.00",,,,"67","52"
"USW00024233","SEATTLE TACOMA INTERNATIONAL AIRPORT, WA US","2005-09-15","0.01",,,,"65","53"
"USW00024233","SEATTLE TACOMA INTERNATIONAL AIRPORT, WA US","2005-09-16","0.05",,,,"63","51"
"USW00024233","SEATTLE TACOMA INTERNATIONAL AIRPORT, WA US","2005-09-17","0.00",,,,"66","50"
"USW00024233","SEATTLE TACOMA INTERNATIONAL AIRPORT, WA US","2005-09-18","0.00",,,,"67","49"
"USW00024233","SEATTLE TACOMA INTERNATIONAL AIRPORT, WA US","2005-09-19","0.00",,,,"69","49"
"USW00024233","SEATTLE TACOMA INTERNATIONAL AIRPORT, WA US","2005-09-20","0.00",,,,"67","53"
"USW00024233","SEATTLE TACOMA INTERNATIONAL AIRPORT, WA US","2005-09-21","0.00",,,,"66","48"
"USW00024233","SEATTLE TACOMA INTERNATIONAL AIRPORT, WA US","2005-09-22","0.00",,,,"63","46"
"USW00024233","SEATTLE TACOMA INTERNATIONAL AIRPORT, WA US","2005-09-23","0.00",,,,"64","48"
"USW00024233","SEATTLE TACOMA INTERNATIONAL AIRPORT, WA US","2005-09-24","0.00",,,,"65","42"
"USW00024233","SEATTLE TACOMA INTERNATIONAL AIRPORT, WA US","2005-09-25","0.00",,,,"70","46"
"USW00024233","SEATTLE TACOMA INTERNATIONAL AIRPORT, WA US","2005-09-26","0.00",,,,"71","47"
"USW00024233","SEATTLE TACOMA INTERNATIONAL AIRPORT, WA US","2005-09-27","0.00",,,,"67","52"
"USW00024233","SEATTLE TACOMA INTERNATIONAL AIRPORT, WA US","2005-09-28","0.00",,,,"69","46"
"USW00024233","SEATTLE TACOMA INTERNATIONAL AIRPORT, WA US","2005-09-29","0.25",,,,"63","56"
"USW00024233","SEATTLE TACOMA INTERNATIONAL AIRPORT, WA US","2005-09-30","0.02",,,,"61","52"
"USW00024233","SEATTLE TACOMA INTERNATIONAL AIRPORT, WA US","2005-10-01","0.07",,,,"61","47"
"USW00024233","SEATTLE TACOMA INTERNATIONAL AIRPORT, WA US","2005-10-02","0.34",,,,"55","43"
"USW00024233","SEATTLE TACOMA INTERNATIONAL AIRPORT, WA US","2005-10-03","0.00",,,,"60","42"
"USW00024233","SEATTLE TACOMA INTERNATIONAL AIRPORT, WA US","2005-10-04","0.00",,,,"60","47"
"USW00024233","SEATTLE TACOMA INTERNATIONAL AIRPORT, WA US","2005-10-05","0.00",,,,"65","51"
"USW00024233","SEATTLE TACOMA INTERNATIONAL AIRPORT, WA US","2005-10-06","0.20",,,,"58","54"
"USW00024233","SEATTLE TACOMA INTERNATIONAL AIRPORT, WA US","2005-10-07","0.05",,,,"62","49"
"USW00024233","SEATTLE TACOMA INTERNATIONAL AIRPORT, WA US","2005-10-08","0.06",,,,"59","48"
"USW00024233","SEATTLE TACOMA INTERNATIONAL AIRPORT, WA US","2005-10-09","0.01",,,,"63","49"
"USW00024233","SEATTLE TACOMA INTERNATIONAL AIRPORT, WA US","2005-10-10","0.04",,,,"57","48"
"USW00024233","SEATTLE TACOMA INTERNATIONAL AIRPORT, WA US","2005-10-11","0.17",,,,"62","51"
"USW00024233","SEATTLE TACOMA INTERNATIONAL AIRPORT, WA US","2005-10-12","0.07",,,,"55","49"
"USW00024233","SEATTLE TACOMA INTERNATIONAL AIRPORT, WA US","2005-10-13","0.04",,,,"61","49"
"USW00024233","SEATTLE TACOMA INTERNATIONAL AIRPORT, WA US","2005-10-14","0.26",,,,"69","52"
"USW00024233","SEATTLE TACOMA INTERNATIONAL AIRPORT, WA US","2005-10-15","0.05",,,,"60","52"
"USW00024233","SEATTLE TACOMA INTERNATIONAL AIRPORT, WA US","2005-10-16","0.00",,,,"58","52"
"USW00024233","SEATTLE TACOMA INTERNATIONAL AIRPORT, WA US","2005-10-17","0.01",,,,"66","56"
"USW00024233","SEATTLE TACOMA INTERNATIONAL AIRPORT, WA US","2005-10-18","0.02",,,,"56","52"
"USW00024233","SEATTLE TACOMA INTERNATIONAL AIRPORT, WA US","2005-10-19","0.12",,,,"60","52"
"USW00024233","SEATTLE TACOMA INTERNATIONAL AIRPORT, WA US","2005-10-20","0.00",,,,"58","45"
"USW00024233","SEATTLE TACOMA INTERNATIONAL AIRPORT, WA US","2005-10-21","0.00",,,,"68","50"
"USW00024233","SEATTLE TACOMA INTERNATIONAL AIRPORT, WA US","2005-10-22","0.00",,,,"67","47"
"USW00024233","SEATTLE TACOMA INTERNATIONAL AIRPORT, WA US","2005-10-23","0.15",,,,"55","52"
"USW00024233","SEATTLE TACOMA INTERNATIONAL AIRPORT, WA US","2005-10-24","0.00",,,,"60","50"
"USW00024233","SEATTLE TACOMA INTERNATIONAL AIRPORT, WA US","2005-10-25","0.05",,,,"63","47"
"USW00024233","SEATTLE TACOMA INTERNATIONAL AIRPORT, WA US","2005-10-26","0.00",,,,"55","42"
"USW00024233","SEATTLE TACOMA INTERNATIONAL AIRPORT, WA US","2005-10-27","0.03",,,,"56","37"
"USW00024233","SEATTLE TACOMA INTERNATIONAL AIRPORT, WA US","2005-10-28","0.18",,,,"57","47"
"USW00024233","SEATTLE TACOMA INTERNATIONAL AIRPORT, WA US","2005-10-29","0.06",,,,"55","44"
"USW00024233","SEATTLE TACOMA INTERNATIONAL AIRPORT, WA US","2005-10-30","0.31",,,,"57","43"
"USW00024233","SEATTLE TACOMA INTERNATIONAL AIRPORT, WA US","2005-10-31","0.73",,,,"54","48"
"USW00024233","SEATTLE TACOMA INTERNATIONAL AIRPORT, WA US","2005-11-01","0.75",,,,"50","45"
"USW00024233","SEATTLE TACOMA INTERNATIONAL AIRPORT, WA US","2005-11-02","0.17",,,,"53","44"
"USW00024233","SEATTLE TACOMA INTERNATIONAL AIRPORT, WA US","2005-11-03","0.24",,,,"48","44"
"USW00024233","SEATTLE TACOMA INTERNATIONAL AIRPORT, WA US","2005-11-04","0.41",,,,"48","41"
"USW00024233","SEATTLE TACOMA INTERNATIONAL AIRPORT, WA US","2005-11-05","0.79",,,,"45","41"
"USW00024233","SEATTLE TACOMA INTERNATIONAL AIRPORT, WA US","2005-11-06","0.04",,,,"49","40"
"USW00024233","SEATTLE TACOMA INTERNATIONAL AIRPORT, WA US","2005-11-07","0.18",,,,"49","40"
"USW00024233","SEATTLE TACOMA INTERNATIONAL AIRPORT, WA US","2005-11-08","0.04",,,,"50","38"
"USW00024233","SEATTLE TACOMA INTERNATIONAL AIRPORT, WA US","2005-11-09","0.00",,,,"54","38"
"USW00024233","SEATTLE TACOMA INTERNATIONAL AIRPORT, WA US","2005-11-10","0.01",,,,"53","43"
"USW00024233","SEATTLE TACOMA INTERNATIONAL AIRPORT, WA US","2005-11-11","0.43",,,,"47","38"
"USW00024233","SEATTLE TACOMA INTERNATIONAL AIRPORT, WA US","2005-11-12","0.07",,,,"47","39"
"USW00024233","SEATTLE TACOMA INTERNATIONAL AIRPORT, WA US","2005-11-13","0.87",,,,"51","42"
"USW00024233","SEATTLE TACOMA INTERNATIONAL AIRPORT, WA US","2005-11-14","0.01",,,,"48","35"
"USW00024233","SEATTLE TACOMA INTERNATIONAL AIRPORT, WA US","2005-11-15","0.00",,,,"49","32"
"USW00024233","SEATTLE TACOMA INTERNATIONAL AIRPORT, WA US","2005-11-16","0.00",,,,"51","39"
"USW00024233","SEATTLE TACOMA INTERNATIONAL AIRPORT, WA US","2005-11-17","0.00",,,,"46","41"
"USW00024233","SEATTLE TACOMA INTERNATIONAL AIRPORT, WA US","2005-11-18","0.00",,,,"49","41"
"USW00024233","SEATTLE TACOMA INTERNATIONAL AIRPORT, WA US","2005-11-19","0.00",,,,"47","41"
"USW00024233","SEATTLE TACOMA INTERNATIONAL AIRPORT, WA US","2005-11-20","0.00",,,,"45","40"
"USW00024233","SEATTLE TACOMA INTERNATIONAL AIRPORT, WA US","2005-11-21","0.00",,,,"48","38"
"USW00024233","SEATTLE TACOMA INTERNATIONAL AIRPORT, WA US","2005-11-22","0.00",,,,"43","37"
"USW00024233","SEATTLE TACOMA INTERNATIONAL AIRPORT, WA US","2005-11-23","0.00",,,,"48","34"
"USW00024233","SEATTLE TACOMA INTERNATIONAL AIRPORT, WA US","2005-11-24","0.03",,,,"46","31"
"USW00024233","SEATTLE TACOMA INTERNATIONAL AIRPORT, WA US","2005-11-25","0.99",,,,"46","40"
"USW00024233","SEATTLE TACOMA INTERNATIONAL AIRPORT, WA US","2005-11-26","0.00",,,,"45","34"
"USW00024233","SEATTLE TACOMA INTERNATIONAL AIRPORT, WA US","2005-11-27","0.11",,,,"43","33"
"USW00024233","SEATTLE TACOMA INTERNATIONAL AIRPORT, WA US","2005-11-28","0.07",,,,"44","29"
"USW00024233","SEATTLE TACOMA INTERNATIONAL AIRPORT, WA US","2005-11-29","0.31",,,,"39","36"
"USW00024233","SEATTLE TACOMA INTERNATIONAL AIRPORT, WA US","2005-11-30","0.00",,,,"45","34"
"USW00024233","SEATTLE TACOMA INTERNATIONAL AIRPORT, WA US","2005-12-01","0.27",,,,"38","32"
"USW00024233","SEATTLE TACOMA INTERNATIONAL AIRPORT, WA US","2005-12-02","0.07",,"1.0",,"37","32"
"USW00024233","SEATTLE TACOMA INTERNATIONAL AIRPORT, WA US","2005-12-03","0.03",,,,"39","31"
"USW00024233","SEATTLE TACOMA INTERNATIONAL AIRPORT, WA US","2005-12-04","0.00",,,,"40","29"
"USW00024233","SEATTLE TACOMA INTERNATIONAL AIRPORT, WA US","2005-12-05","0.00",,,,"44","38"
"USW00024233","SEATTLE TACOMA INTERNATIONAL AIRPORT, WA US","2005-12-06","0.00",,,,"45","39"
"USW00024233","SEATTLE TACOMA INTERNATIONAL AIRPORT, WA US","2005-12-07","0.00",,,,"42","35"
"USW00024233","SEATTLE TACOMA INTERNATIONAL AIRPORT, WA US","2005-12-08","0.00",,,,"44","30"
"USW00024233","SEATTLE TACOMA INTERNATIONAL AIRPORT, WA US","2005-12-09","0.00",,,,"45","30"
"USW00024233","SEATTLE TACOMA INTERNATIONAL AIRPORT, WA US","2005-12-10","0.00",,,,"46","30"
"USW00024233","SEATTLE TACOMA INTERNATIONAL AIRPORT, WA US","2005-12-11","0.00",,,,"42","30"
"USW00024233","SEATTLE TACOMA INTERNATIONAL AIRPORT, WA US","2005-12-12","0.03",,,,"42","36"
"USW00024233","SEATTLE TACOMA INTERNATIONAL AIRPORT, WA US","2005-12-13","0.01",,,,"45","31"
"USW00024233","SEATTLE TACOMA INTERNATIONAL AIRPORT, WA US","2005-12-14","0.00",,,,"41","28"
"USW00024233","SEATTLE TACOMA INTERNATIONAL AIRPORT, WA US","2005-12-15","0.00",,,,"38","28"
"USW00024233","SEATTLE TACOMA INTERNATIONAL AIRPORT, WA US","2005-12-16","0.00",,,,"41","23"
"USW00024233","SEATTLE TACOMA INTERNATIONAL AIRPORT, WA US","2005-12-17","0.00",,,,"48","31"
"USW00024233","SEATTLE TACOMA INTERNATIONAL AIRPORT, WA US","2005-12-18","0.00",,,,"47","34"
"USW00024233","SEATTLE TACOMA INTERNATIONAL AIRPORT, WA US","2005-12-19","0.16",,,,"49","36"
"USW00024233","SEATTLE TACOMA INTERNATIONAL AIRPORT, WA US","2005-12-20","0.43",,,,"54","48"
"USW00024233","SEATTLE TACOMA INTERNATIONAL AIRPORT, WA US","2005-12-21","0.40",,,,"56","49"
"USW00024233","SEATTLE TACOMA INTERNATIONAL AIRPORT, WA US","2005-12-22","0.34",,,,"57","50"
"USW00024233","SEATTLE TACOMA INTERNATIONAL AIRPORT, WA US","2005-12-23","0.93",,,,"55","51"
"USW00024233","SEATTLE TACOMA INTERNATIONAL AIRPORT, WA US","2005-12-24","0.63",,,,"62","53"
"USW00024233","SEATTLE TACOMA INTERNATIONAL AIRPORT, WA US","2005-12-25","0.81",,,,"58","50"
"USW00024233","SEATTLE TACOMA INTERNATIONAL AIRPORT, WA US","2005-12-26","0.41",,,,"53","47"
"USW00024233","SEATTLE TACOMA INTERNATIONAL AIRPORT, WA US","2005-12-27","0.47",,,,"55","46"
"USW00024233","SEATTLE TACOMA INTERNATIONAL AIRPORT, WA US","2005-12-28","0.46",,,,"53","45"
"USW00024233","SEATTLE TACOMA INTERNATIONAL AIRPORT, WA US","2005-12-29","0.35",,,,"50","42"
"USW00024233","SEATTLE TACOMA INTERNATIONAL AIRPORT, WA US","2005-12-30","0.75",,,,"51","44"
"USW00024233","SEATTLE TACOMA INTERNATIONAL AIRPORT, WA US","2005-12-31","0.30",,,,"51","47"
"USW00024233","SEATTLE TACOMA INTERNATIONAL AIRPORT, WA US","2006-01-01","0.08",,,,"58","46"
